accept,受け入れる；受け取る,動詞,Did you accept his statement as true?,君は彼のいったことが本当だと認めたのですか。
act,行動する,動詞,You must act in accordance with the rules.,君は規則に従って行動しなければならない。
add,加える,動詞,Please add up the bill.,勘定書を合計して下さい。
admit,認める,動詞,I must admit that I snore.,いびきをかくことは認めるよ・・・。
advertise,宣伝する,動詞,Many companies advertise their products on TV.,テレビで製品を宣伝する会社が多い。
afford,～する余裕がある,動詞,You can't afford to neglect your health.,君は自分の健康を度外視するわけにはいかない。
agree,同意する；一致する；合う,動詞,I don't agree with him.,彼には賛成できません。
allow,許可する,動詞,Excuse me; allow me to point out three errors in the above article.,失礼だが、上記の記事にある３つの誤りを指摘しておきたい。
amaze,びっくりさせる,動詞,His memory amazes me.,彼の記憶力にはほとほと感心する。
appear,現れる,動詞,The king will appear in person tomorrow evening.,王様は明日の晩自らお出ましになる。
arrive,到着する,動詞,The train from Geneva will arrive at the station.,ジュネーブから来る列車が駅に到着します。
ask,尋ねる；求める；頼む,動詞,I won't ask you anything else today.,今日はもう聞かないよ。
bar,妨げる;  (道を)ふさぐ,動詞,We had a bar of gold stolen.,金の延べ棒１本を盗まれた。
be,～である,動詞,I will be back soon.,すぐに戻ります。
beat,打ち負かす,動詞,I beat him completely in the debate.,完全に負かした。
become,～になる,動詞,If you eat too much， you'll become fat.,食べ過ぎると太る。
begin,始まる；始める,動詞,Class doesn't begin until eight-thirty.,授業は八時三十分から始まるから。
believe,信じる,動詞,What do you believe is true even though you cannot prove it?,証明もできないのに、一体何を真実だと信じるのだ？
bet,賭ける,動詞,I'll bet he'd have a fit if his students fell asleep.,学生が授業中に寝てしまったら、きっと怒るでしょう。
blow,吹き飛ばす,動詞,Teachers should occasionally let their students blow off some steam.,教師はときどき生徒たちのストレスを発散させてやらなければならない。
bother,悩ませる；思い悩む,動詞,I will play Sudoku then instead of continuing to bother you.,君を邪魔するくらいなら私は数独をやってるよ。
break,壊す；折る,動詞,I slept a little during lunch break because I was so tired.,僕はあまりに疲れていたので昼休みにひと眠りした。
bring,持ってくる；もたらす；至らせる,動詞,I'll bring you the bill immediately.,すぐに伝票をお持ちします。
build,建てる；作る,動詞,You must build up your courage.,君は胆力を練る必要がある。
burn,燃える；焼く,動詞,Plastic does not burn easily.,プラスチックは燃えにくい。
buy,買う,動詞,It's a pity that you can't buy miracles like you would buy potatoes.,あなたがじゃがいもを買うように奇蹟を買うことができないなんて本当に残念だわ。
care,世話をする,動詞,My physics teacher doesn't care if I skip classes.,私の物理の先生は授業をサボっても気にしない。
carry,運ぶ；持つ,動詞,Your undaunted spirit will carry you through.,君は不屈の精神で危機を切り抜けられるだろう。
catch,捕まえる,動詞,You will not be able to catch the train.,君はその列車に間に合わないでしょう。
cause,～の原因となる；引き起こす；～させる,動詞,You are always the cause of my worries.,君はいつも頭痛の種だ。
change,変える； 変わる,動詞,It would be fun to see how things change over the years.,年月を経て物事がどう変わっていくか見るのは面白そうだ。
charge,請求する,動詞,Banks charge higher interest on loans to risky customers.,銀行はリスクの高い顧客へのローンには高い金利をつける。
check,確認する,動詞,I just wanted to check my email.,メールをチェックしたかっただけ。
chip,削り取る,動詞,Bob's really a chip off the old block.,ボブは親にそっくりね。
choose,（よく考えて）選ぶ,動詞,You may choose either of the two books.,君は、その２冊の本のうち、どちらを選んでもよい。
climb,登る,動詞,It is difficult for you to climb to the mountaintop.,君が頂上まで登るのはむずかしい。
collect,集める,動詞,Do you collect anything?,何か集めていますか。
come,来る,動詞,I'll call them tomorrow when I come back.,明日帰ったら電話します。
complete,完全にする；完成させる,動詞,It's a complete mess， and it's getting on my nerves.,あまりに散らかっていていらする。
compute,計算する,動詞,Scientists can easily compute the distance between planets.,科学者は惑星間の距離を容易に計算できる。
consider,考慮する；みなす,動詞,Let's consider the worst that could happen.,最悪の場合を考えておこう。
continue,続く,動詞,You continue making the same mistakes time after time.,君は何度も同じ間違いをし続けている。
control,支配する；管理する；抑制する；照査する,動詞,You must control yourself.,君は自制しなければならない。
cook,料理する,動詞,It's so hot that you could cook an egg on the hood of a car.,とても暑くて、車のボンネットで卵が焼けるよ。
count,数える；重要である,動詞,You could count to ten when you were two.,君は二歳の時に十まで数えることができた。
cross,横断する；交差する，交差している,動詞,As you have insulted him， he is cross with you.,君が彼を侮辱したので、彼は君に腹を立てている。
cry,泣く,動詞,Seriously though， episode 21 made me almost cry while laughing.,でもほんとに、エピソード21には涙が出るほど笑ったよ。
cut,切る,動詞,We are cut from the same cloth.,俺たちは同類だよ。
dance,踊る,動詞,Would you like to dance with me?,僕と踊ってくれませんか。
deal,分け与える；配る,動詞,We will be willing to make a deal with you after the auction.,競売の後で喜んで取り引きしましょう。
decide,決める,動詞,It is up to you to decide whether we will go there or not.,私たちがそこへ行くかどうかを決めるのは君の責任だ。
depend on,依存する；頼る,動詞,You can depend on his help.,君は彼の援助を当てにすることができる。
die,死ぬ,動詞,I would rather die than live in dishonor.,屈辱を受けて生きるくらいなら死んだ方がましだ。
dig,掘る,動詞,Some people tried to dig the treasure out， but they couldn't.,何人かの人々が宝を掘り出そうとしたができなかった。
discover,発見する,動詞,We have yet to discover an effective remedy for cancer.,癌の効果的な治療法はまだ発見されていない。
do,する,動詞,I'll do my best not to disturb your studying.,あなたの勉強を邪魔しないようにします。
draw,線を引く；描く,動詞,Please draw a hundred thousand yen from the bank.,銀行で１０万下ろしてください。
drink,飲む,動詞,I went to drink a beer with friends.,私は友達とビールを飲みに行った。
drive,運転する,動詞,You had better not drive a car.,君は車を運転しない方がいい。
drop,落とす,動詞,Since you like to write letters， why don't you drop her a line?,君は手紙を書くのが好きだから、彼女に一筆書いたらどうですか。
eat,食べる,動詞,Why don't you eat vegetables?,どうして野菜を食べないの？
educate,教育する,動詞,In the last analysis， methods don't educate children; people do.,ようするに子供を教育するのは方法ではない。人なのだ。
employ,雇う,動詞,You must employ your capital well.,君は資金をうまく運転しなくてはならない。
enjoy,楽しむ,動詞,I'm glad you enjoy skiing， but I guess it's just not my cup of tea.,君がスキーを楽しむのは嬉しいが、私の趣味じゃないようだ。
enter,入る,動詞,Take off your hat when you enter a classroom.,教室に入る時は帽子を脱ぎなさい。
excite,刺激する；興奮させる,動詞,She looked excited.,彼女は興奮しているように見えた。
excuse,免除する,動詞,You always excuse your faults by blaming others.,君はいつも自分の過失を他人のせいにしている。
expect,予期する；期待する,動詞,One can't expect everything from schools.,学校に全てを求めることはできない。
explain,説明する,動詞,It would take forever for me to explain everything.,いつまでかかっても全部を説明するのは無理だ。
express,表す；述べる,動詞,The express train does not stop between Shibuya and Naka-Meguro.,急行列車は渋谷駅から中目黒駅まで停車しません。
feed,食べ物を与える,動詞,I feed my cat every morning and every evening.,毎日朝と夜、猫に餌を与えています。
feel,感じる,動詞,For some reason I feel more alive at night.,私はなぜか夜の方が元気だ。
figure,～と考える,動詞,Strange to say， the figure went out of sight suddenly.,奇妙な話だが、人の姿が突然見えなくなった。
fill,いっぱいにする；満たす,動詞,I'll find someone to fill in for you.,君の代行者を見つけよう。
find,見つける,動詞,It's a word I'd like to find a substitute for.,これは代わりになるものをみつけたい単語だ。
fix,直す,動詞,I fix broken radios.,壊れたラジオを修理する。
fly,羽ばたいて飛ぶ,動詞,When you're enjoying yourself， the time seems to fly by.,楽しい時って、あっと言う間に時間過ぎちゃうんだよね。
follow,後について行く；従う,動詞,You may as well follow his advice.,君は彼の忠告に従ったほうがよい。
force,強制する,動詞,Nothing can force me to give it up.,何も私にそれをあきらめるように強制することができない。
forget,忘れる,動詞,You'll forget about me someday.,いつか私のことは忘れちゃうわ。
found,見つけた,動詞,You found me where no one else was looking.,あなたは他の誰も見ていなかった場所で私を見つけた。
freeze,凍る,動詞,It may freeze next week.,来週には凍るかも知れない。
frighten,ひどく怖がらせる,動詞,I spoke to him kindly so as not to frighten him.,彼を怖がらせないように、私は彼にやさしく話しかけた。
get,得る；受ける,動詞,The police will get you to find the bullets.,警察はあなたに弾丸をみつけさせるでしょう。
give,手渡す,動詞,I may give up soon and just nap instead.,すぐに諦めて昼寝をするかも知れない。
go,行く,動詞,I have to go to sleep.,私は眠らなければなりません。
govern,統治する；影響を与える,動詞,That made him govern himself.,そのため彼は自制した。
ground,地面；土,動詞,The hot sun baked the ground dry.,強い日差しで地面が乾いた。
grow,成長する,動詞,When I grow up， I want to be a king.,大きくなったら王様になりたい。
guess,推測する,動詞,You can probably guess what happens though.,君には何が起こるか分かるんじゃないかと思うけどね。
handle,（人が物を）取り扱う,動詞,It all depends how you handle it.,君の扱い方次第だ。
hang,かける；吊るす,動詞,If we hang tight， I'm sure we can make it through these bad times.,我々が手に手を取って一致団結すれば、きっとこの不況の時代も乗り切れるだろう。
happen,起こる；たまたま～する,動詞,Please drop in when you happen to be in the neighborhood.,近くへおいでのときはお立ち寄りください。
hate,憎む；ひどく嫌う,動詞,I hate it when there are a lot of people.,人ごみは大嫌い。
hear,聞く；聞こえる,動詞,He would be glad to hear that.,彼がそれを聞いたら喜ぶよ。
heat,熱，熱くする；興奮する,動詞,The heat is intense.,猛烈な暑さだ。
help,助ける,動詞,Sometimes I can't help showing emotions.,時々感情が抑えられないことがある。
hide,隠す,動詞,You are saying you intentionally hide your good looks?,自分のかっこ良さをわざと隠すということ？
hit,打つ；たたく,動詞,I really need to hit somebody.,とにかく誰かをぶたないと気が済まない。
hold,持つ；抱く,動詞,You've got to learn to hold your tongue.,君は口の利き方を知らなければならない。
hunt,狩る，狩り,動詞,Mr Hunt is principal of our school.,ハント先生が私たちの学校の校長だ。
hurry,急ぐ，急ぐこと,動詞,You'd better hurry up.,急いだほうがいいよ。
hurt,痛む；傷つける,動詞,I didn't mean to hurt you.,君を傷つけるつもりはなかったのです。
imagine,想像する,動詞,Can you imagine what our lives would be like without electricity?,もし電気がないと、私たちの暮らしがどのようなものになるか想像できますか。
inform,知らせる,動詞,Did you inform your friends of your home-coming?,君は帰国のことを友人に知らせたのか。
insure,保険をかける；確実にする,動詞,I'd like to insure this， please.,これに保険をかけたいのですが。
interest,興味を持たせる,動詞,I have no interest in putting my money into your dreams.,君の夢物語にお金をつぎ込む気なんてないよ。
involve,含む；関わる；巻き込む,動詞,Whichever way we choose will involve danger.,どの進路を選んでも危険が待ち受けている。
join,加わる；つなぎ合わせる,動詞,All you have to do is to join us.,君はただ私たちと一緒に来ればよいのだ。
joke,冗談，冗談を言う,動詞,Your joke bears repeating.,君のジョークは何度聞いてもおかしい。
judge,審理する；審査する；判断する,動詞,You must judge for yourself.,君は君自身で判断しなければいけない。
jump,跳ぶ；跳ね上がる,動詞,I'd jump through hoops for you.,君のためならたとえ火の中水の中。
keep,保つ,動詞,It's useless to keep on thinking any more.,これ以上考えても無駄だ。
kill,殺す,動詞,I'd be unhappy， but I wouldn't kill myself.,僕は不幸かも知れないけれど自殺はしない。
kiss,キスをする，キス,動詞,I never see her without wanting to kiss her.,会えば必ずキスしたくなる。
knock,ノックする,動詞,Could you knock down the price if I buy two?,まとめて２個買いますから値引きしてください。
know,知っている,動詞,I just don't know what to say.,何と言ったらいいか・・・。
laugh,笑う，笑い,動詞,You may laugh at me.,君は私を笑うかもしれない。
lay,置く；横たえる,動詞,The hill lay covered with snow.,丘は雪に覆われていた。
lead,導く,動詞,The fiscal austerity may lead to an overkill of the economy.,緊縮財政政策は経済を冷やし過ぎることになるかもしれない。
learn,学ぶ,動詞,I thought you liked to learn new things.,あなたは新しいことを勉強したいのだと思った。
leave,去る,動詞,Why do you want to leave today?,なぜ今日出発したいのですか。
let,～させる；許可する,動詞,Hi， I just wanted to let you know that the problem is fixed.,ハロー、問題が解決したよ。以上お知らせでした。
level,同等の，平等にする,動詞,Corporate bankruptcies continued at a high level last month.,企業倒産は先月も高水準に推移した。
lie,嘘，嘘をつく,動詞,You look pale. You had better lie down in bed at once.,君は顔色が悪いからすぐ寝たほうがいい。
lift,持ち上げる,動詞,Give me a lift in your car.,君の車に乗せてください。
like,好む,動詞,I've always wondered what it'd be like to have siblings.,兄弟がいるとどんなだろうといつも思う。
listen,聞く,動詞,My hobby is to listen to music.,私の趣味は音楽を聞くことです。
live,生きる,動詞,I can't live that kind of life.,私はそんな風には生きられない。
lock,錠やロック、鍵をかける,動詞,They forgot to lock the door.,彼らは錠を下ろすのを忘れた。
lose,失う,動詞,It's too bad that I don't need to lose weight.,痩せる必要がないというのは残念だ。
love,愛する，愛,動詞,I love you.,愛してる。
make,作る,動詞,I make €100 a day.,私は一日に100ユーロ稼ぎます。
manage,経営する；管理する,動詞,Can you manage to complete the manuscript by Friday?,金曜日までに何とか原稿を仕上げられますか。
mark,印；記号；評価，印を付ける；成績を付ける,動詞,You cannot make a good mark without working hard.,一生懸命に勉強しなければ決して良い成績はとれない。
marry,結婚する,動詞,Why would you marry a woman if you like men?,男性が好きなのになぜ女性と結婚するの？
meet,会合する,動詞,Everyone wants to meet you. You're famous!,みんなあなたに会いたがってる。あなたは有名なのよ！
mention,述べる；話に出す，言及する,動詞,"Thank you for helping me. ""Don't mention it.""",「手伝ってくれてありがとう」「どういたしまして」
miss,逃す；～し損なう,動詞,I miss you.,会えなくて淋しい。
move,動かす；移動する,動詞,Don't you move from here.,ここを動くんじゃないぞ。
need,必要がある,動詞,I need to ask you a silly question.,バカな質問があるんだ。
note,注意する；気づく,動詞,Please note the change in the meeting agenda.,会議の議題に変更がありましたので、ご注意下さい。
notice,気づく,動詞,I'm sorry we gave you such short notice of our visit.,急に訪問をお知らせして申し訳ありません。
offer,提供する；申し出る,動詞,I must offer you an apology for coming late.,君に遅刻を謝らなくはならない。
order,注文，注文する,動詞,In order to do that， you have to take risks.,それをするためには危険を冒さなければならない。
pack,包む；詰める,動詞,Believe it or not， it came in pack of gum.,なんとガムのおまけだったんだよ。
paint,ペンキ，ペンキを塗る；描く,動詞,The paint on the seat on which you are sitting is still wet.,君が座っている腰掛けのペンキはまだ塗り立てだよ。
pass,通り過ぎる；渡す,動詞,If you study earnestly， you can expect to pass the exam.,君は真剣に勉強すれば試験に合格する期待がもてる。
pay,払う；支払い ,動詞,Life begins when you pay taxes.,税金を払ったら実生活の始まりだ。
phone,電話をかける,動詞,"The phone is ringing. ""I'll get it.""",「電話が鳴っているよ。」　「私が出ます。」
photograph,写真を撮る,動詞,Did you have your photograph taken for the driver's license?,運転免許証用の写真をとってもらいましたか。
pick,（直感的に）選ぶ,動詞,I have a bone to pick with you.,あなたに不満があります。
place,置く；設置する,動詞,America is a lovely place to be， if you are here to earn money.,お金を稼ぎたいならアメリカが一番だ。
pop,ポンとはじける；現れる；飛び出す,動詞,Last year's pop hit was set off by a serial TV drama.,去年のヒットした音楽は、みんな人気ドラマが絡んでいる。
prepare,準備する,動詞,You may as well prepare for your examination.,君は試験の準備をしたほうがよい。
press,押す；押しつける,動詞,Don't press your opinions on me.,君の意見を押しつけないでくれ。
price,値段をつける,動詞,The price of gold varies from day to day.,金の値段は日ごとに変わる。
promise,約束する,動詞,You must promise not to take the rope off.,君はそのロープをほどかないと約束しなさい。
protect,保護する,動詞,Sunglasses protect our eyes from the sun.,サングラスは日光から目を守ってくれる。
pull,引く；引っ張る,動詞,A whistle blew， and the boat slowly began to pull out of port.,汽笛が鳴って船はゆっくりと港から離れていった。
push,押しのける,動詞,In case of an emergency， push this button.,緊急の場合は、このボタンを押しなさい。
put,置く,動詞,Any chance you know where I put my keys?,私はカギを置いたところなんか知りませんか。
question,質問する；疑問に思う,動詞,Do you really need to ask the question to know the answer?,その答えを知るのにあなたは本当にその質問をする必要があるのかしら。
raise,高める,動詞,The only useful answers are those that raise new questions.,有意義な回答とは、新たな疑問を生むようなそれである。
reach,伸びる；及ぶ；届く；到着する，伸ばすこと；届く範囲,動詞,I tried to reach you on the phone， but I was unable to get through.,君になんとか電話で連絡をとろうとしたのですが、駄目でした。
realize,気づく；理解する,動詞,The day will come when you will realize it.,君がそれを実現する日が来るだろう。
relate,関係づける；関連する,動詞,I see no reason why he doesn't relate to the firm.,彼が会社になじめないとは理由が分からない。
remember,思い出す,動詞,Do you remember seeing me before?,君は以前私にあったことを覚えていますか。
rent,家賃，賃借りする,動詞,You should pay your rent in advance.,君は部屋代を前もって払うべきだ。
rid,除去する；解放する,動詞,You must rid yourself of bad habits.,君は悪習をやめなければいけない。
ride,乗る，乗車,動詞,Can you ride a horse?,君は馬に乗る事が出来ますか。
ring,ベルやアラームの音が鳴る；響く,動詞,The church bell used to ring at three.,教会の鐘は３時に鳴ったものです。
rise,上がる；起立する，上昇,動詞,Interest rates will rise due to monetary tightening.,金融引き締めで金利が上昇するだろう。
roll,転がる,動詞,Rock and roll was a creation of the young generation.,ロックンロールは若い世代の発明だった。
run,走る,動詞,Someday I'll run like the wind.,またいつか風のように走るんだ。
sail,帆，航行する,動詞,The sail tightened in the strong wind.,強い風を受けて帆がぴんと張った。
save,救う,動詞,In which folder did you save the file?,どのフォルダにファイルを保存しましたか。
say,言う；言葉を使う,動詞,They say love is blind.,「あばたもえくぼ」って言うからね。
scare,怖がらせる,動詞,Don't scare me like that!,脅かさないでよ。
seat,座席，着席させる,動詞,The paint on the seat on which you are sitting is still wet.,君が座っている腰掛けのペンキはまだ塗り立てだよ。
secure,安全な，確保する；固定する,動詞,You are secure from danger here.,君はここなら安全だ。
see,見る,動詞,It almost scared me not to see you online for a whole day.,丸一日オンラインで君を見ないなんてびっくりだよ。
seem,～のように見える；思われる,動詞,You seem an honest man.,君は正直者のようだ。
sell,売る,動詞,I will sell the boat in accordance with your orders.,君の命令にしたがって私はボートを売ろう。
send,送る；送信する,動詞,I told them to send me another ticket.,私は彼らにチケットをもう一枚送ってくれるように頼んだ。
sense,感覚，感じる；感知する,動詞,You have no sense of direction.,方向音痴なんだね。
serve,供給する；役立つ,動詞,We must always try to serve others.,我々は常に人に奉仕するように努めなければならない。
service,修理する；点検する,動詞,The bus service is not good between nine and ten.,九時台はバスの便はよくない。
settle,定住する；落ち着く,動詞,Let us settle the matter without a third party.,間に人を入れずに解決しよう。
shake,振る；震える；動揺させる，振動；震え,動詞,We felt the house shake a little.,家がすこし揺れるのを感じた。
share,共有する,動詞,He shares a room.,彼は部屋を共有している。
shot,（ボールをゴールに）ける；投げ入れる；シュートする,動詞,To our surprise， our son has suddenly shot up recently.,驚いたことに息子は最近すくすく背がのびてきた。
shout,叫ぶ,動詞,Don't shout at the crying child. It only adds fuel to the fire.,泣いている子を怒鳴るな。火に油だから。
shut,閉じる；閉める，閉じた,動詞,The burglar shut the child in the closet.,強盗はその子供を押し入れに閉じ込めた。
sign,署名する；合図する；契約する,動詞,To have doubts about oneself is the first sign of intelligence.,自分自身に疑問を持つことは良識の第一歩だ。
sing,歌う,動詞,Are you going to sing here?,君はここで歌うつもりですか。
sit,座る,動詞,You have only to sit here.,君はここに座っていさえすればいい。
situate,位置付ける,動詞,He was badly situated.,彼は苦境にあった。
sleep,眠る,動詞,We can't sleep because of the noise.,うるさくて眠れないんです。
slip,滑る，滑ること,動詞,If you're not careful， you might slip and fall on the icy steps.,気を付けないと凍った階段で滑って転ぶよ。
smell,におい，においを嗅ぐ；においがする,動詞,He'll be sure to smell a rat if I'm with you.,君といたら、彼はきっと感づくだろう。
smile,ほほえむ，笑顔,動詞,Your smile always makes me happy.,君の微笑みはいつも私を幸せにしてくれる。
smoke,喫煙,動詞,You had better not smoke while on duty.,勤務中はタバコを吸わない方がいいよ。
speak,話す、演説する,動詞,My mom doesn't speak English very well.,私の母はあまり英語が上手に話せない。
specialize,専門にする,動詞,I specialize in medieval history.,私は中世史を専攻している。
spend,使う；過ごす,動詞,I don't want to spend the rest of my life regretting it.,そのことを後悔しながら余生を送りたくない。
stand,立つ,動詞,Are you just going to stand there all day?,そこに一日中ただ立っているつもりかい？
stare,じっと見る,動詞,People shouldn't stare at foreigners.,外人をじっと見るべきではない。
stay,滞在する,動詞,I'm sorry， I can't stay long.,申し訳ないけど長居できないんですよ。
steal,盗む,動詞,Hunger compelled the boy to steal money from the cash register.,空腹のためにその少年はやむなくレジからお金を盗んだ。
stop,止まる,動詞,You should make an effort to stop smoking.,君は禁煙するよう努力すべきだ。
strike,打つ；殴る,動詞,I have a good mind to strike you for being so rude.,君がとても失礼だから、殴ってやりたいよ。
study,勉強する,動詞,I'd like to study in Paris.,パリで勉強したい。
suggest,提案する,動詞,I suggest that you see Mr White.,ホワイト氏にあってみてはいかがですか。
support,支える；支援する,動詞,You are now old enough to support yourself.,君はもう、自活できる年頃だ。
suppose,思う；仮定する,動詞,I suppose it's different when you think about it over the long term.,長い目で見れば違ってくると思います。
surprise,驚かせる,動詞,It doesn't surprise me.,驚くことではないね。
swim,泳ぐ,動詞,Can you swim as fast as he?,君は彼と同じくらい速く泳げますか。
take,持ち帰る,動詞,It would take forever for me to explain everything.,いつまでかかっても全部を説明するのは無理だ。
talk,話す、会話する,動詞,I may be antisocial， but it doesn't mean I don't talk to people.,私は反社会的かもしれないけれど人と話さないわけではない。
tape,テープで貼る,動詞,Did you tape that concert?,君はそのコンサートをテープにとったか。
teach,教える,動詞,I'll teach you how to drive a car.,君に自動車の運転法を教えてあげよう。
tell,伝える;  話す,動詞,I can't tell her now. It's not that simple anymore.,もう彼女には言えないよ。そんなに単純なことではなくなってきたからね。
tend,～する傾向がある,動詞,We tend to welcome only proof of what we already know.,既に知っていることを証明してくれるものしか受け入れたがらない傾向が私たちにはあるのである。
thank,感謝する,動詞,I couldn't have done it without you. Thank you.,君がいなければできなかった。ありがとう。
think,考える；思う,動詞,I suppose it's different when you think about it over the long term.,長い目で見れば違ってくると思います。
throw,投げる,動詞,Those who live in glass houses should not throw stones.,こわれやすいガラス張りの家に住む者は石を投げてはいけない。
tie,結ぶ；縛る,動詞,Your tie blends well with your suit.,君のネクタイは背広によく調和している。
touch,触る；接する,動詞,You can get in touch with him at his home tonight.,君は今夜彼の家に彼と連絡をとることができます。
track,跡；道，追跡する,動詞,The horses are coming down the track and it's neck and neck.,競走馬は互角でトラックをまわった。
travel,旅行する,動詞,I don't have anyone who'd travel with me.,一緒に旅行してくれる人がいないんだ。
treat,（人や物を）扱う,動詞,I'll treat you.,君におごってやるよ。
trust,信頼する，信頼；委託,動詞,If the world weren't in the shape it is now， I could trust anyone.,もし世界が今の形をしていなかったら、私は誰でも信用できうる。
try,試す；やってみる,動詞,Never try to die.,自殺なんてするんじゃない。
understand,分かる；理解する,動詞,I don't understand German.,ドイツ語は分かりません。
use,使う；利用する,動詞,So annoying... Now I get a headache whenever I use the computer!,あぁいらいらする・・・今やパソコンを使うたびに頭痛がするよ。
very,とても，まさに,動詞,My mom doesn't speak English very well.,私の母はあまり英語が上手に話せない。
visit,訪ねる，訪問する,動詞,Why don't you come visit us?,家に来ませんか。
wait,待つ，待機する,動詞,I don't want to wait that long.,そんなに待ちたくない。
wake,目が覚める；目覚めさせる,動詞,The best way to make your dreams come true is to wake up.,夢を実現するのに一番良いのは目を覚ますことである。
walk,歩く,動詞,I can walk to school in 10 minutes.,学校まで１０分で歩いて行ける。
want,～が欲しい；望んでいる；～したいと思う,動詞,It's because you don't want to be alone.,それはあなたが一人になりたくないからです。
wash,洗う,動詞,Do you wash your hands before meals?,君は食事前に手を洗いますか。
waste,むだに使う；浪費する,動詞,This day was just a waste of time and money.,この日はただ時間とお金の無駄だった。
watch,観察する,動詞,Did you watch the game?,君はその試合を見ましたか。
wave,手を振る,動詞,A cold wave passed over Japan.,寒波が日本の上空を通過したのです。
wear,着る,動詞,Young people wear their hair long these days.,近頃若い人は髪の毛を長くのばす。
wed,結婚する（式を挙げる）,動詞,We were wed the following week.,私たちは次の週に結婚した。
win,勝つ,動詞,Your team doesn't have a prayer to win the championship game.,君のチームには決勝戦で勝つチャンスはないよ。
wish,願う,動詞,I wish I could go to Japan.,日本へ行けたらいいのに。
worry,心配する,動詞,You don't need to worry about such a thing.,君はそんなことを心配する必要はありません。
write,書く,動詞,Most people write about their daily life.,多くの人が日常のことについて文を書く。
accuse,訴える；非難する,動詞,Why do you accuse my son?,君はなぜ私の息子を非難するのか。
adapt,適応する,動詞,You must adapt to a variety of conditions.,君は様々な状況に適応しなければならない。
admire,賞賛する；感心する,動詞,I admire you for your courage.,君の勇気には全く感服する。
advance,前進する，進む,動詞,I received a five hundred dollar advance on my pay.,給料をかたに私に５００ドルが、前払いされた。
advise,忠告する; 勧める,動詞,I advise you to be careful in making notes for the lecture.,君は細心の注意を払って講義ノートを作成したほうがいい。
affect,影響する,動詞,Does the amount of rain affect the growth of crops?,雨の量が作物の生育に影響するのですか。
aid,援助する,動詞,The tape recorder is a useful aid to teaching.,テープレコーダーは有用な教具です。
alter,変更する,動詞,The slave was anxious to alter his destiny.,その奴隷は自分の運命を変えたいと強く思っていた。
anger,怒らせる,動詞,We were filled with anger against the murderer.,我々は殺人者に対する怒りで胸一杯になった。
announce,知らせる；公表する,動詞,The mayor will shortly announce his decision to resign.,市長は近く辞意を表明するだろう。
appeal,訴える,動詞,Television has a great appeal for him.,テレビは彼には大きな魅力がある。
apply,申し込む；申請する,動詞,You should apply for that post.,君はその職に応募すべきだ。
appoint,任命する； 指定する,動詞,The committee met and discussed whom to appoint to the post.,委員が集まり、誰をそのポストに任命すべきか論じた。
appreciate,ありがたく思う；感謝する,動詞,I appreciate your concern.,気にかけていただいてどうも。
approach,近づく； 接近する,動詞,We suggested Kyoritsu Bussan approach you for assistance.,共立物産に、貴社にご助力をお願いするよう提案しました。
argue,言い争う,動詞,Let's not argue for the sake of arguing.,議論のために議論をするのはよそう。
arrange,きちんと並べる;  整える,動詞,Let's try to arrange something.,何とか手配してあげましょう。
arrest,逮捕する,動詞,He resisted arrest violently.,彼は激しく逮捕に反抗した。
assist,手伝う；援助する,動詞,The airplane used a rocket motor to assist with takeoff.,その飛行機は補助ロケットを使って離陸した。
assume,仮定する；推測する,動詞,We assume that he is honest.,我々は彼を正直だと思っている。
assure,保証する,動詞,Take it easy. I can assure you that chances are in your favor.,気楽に行こうぜ。大丈夫、形勢は君に有利なのだから。
attack,攻撃する,動詞,Wolves won't usually attack people.,狼は普通、人々を襲ったりしません。
attempt,試みる；企てる,動詞,Our attempt has proved to be a failure.,我々の試みは、結局失敗した。
attend,出席する,動詞,You should attend to your own business.,君は自分の仕事に専心すべきだ。
attract,魅了する；引きつける,動詞,Flowers attract bees.,花はミツバチを引きつける。
avoid,避ける,動詞,I avoid crossing the street here if I am in a hurry.,急いでもここの通りは、横断しないようにしている。
balance,釣り合う;  バランスをとる,動詞,The balance at the bank stands at two million yen.,銀行に二百万円残っている。
belong,属する,動詞,Do you belong to any clubs?,君は何かクラブに入っていますか。
bend,曲げる,動詞,We will not bend to the will of a tyrant.,我々は暴君の意思に屈伏しない。
bind,縛る；結ぶ,動詞,You must bind yourself to keep your promise.,君は約束を守ることを誓わなければならない。
bite,かむ，かむこと,動詞,You're lucky because he didn't bite you.,彼にだまされなかったなんてついてるね。
blame,非難する,動詞,I am not to blame any more than you are.,君と同様僕も悪くない。
bless,祝福する,動詞,God bless you!,神の恵みのあらんことを！
block,妨げる； 塞ぐ,動詞,The statue was carved from a block of cherry wood.,その彫像はさくら材の木片を刻んで作らせた。
bomb,爆撃する,動詞,A time bomb went off in the airport killing thirteen people.,空港で時限爆弾が爆発し１３名もの命を奪った。
bond,くっつける； 接着する,動詞,At last， James Bond made it as an actor.,やっとジェームス・ボンドは俳優として成功した。
boom,ブーンという音；ブーム,動詞,The boom has peaked out.,ブームは峠を越した。
borrow,借りる,動詞,May I borrow your dictionary?,辞書をお借りできますか。
breathe,呼吸する,動詞,When you breathe out in cold weather， you can see your breath.,寒い天気に息を吐くと、息が見える。
breed,動物が子を生む;  繁殖する,動詞,Bacteria will not breed in alcohol.,バクテリアはアルコールの中では繁殖しない。
burst,破裂する； 爆発する,動詞,By September the burst in spending seemed to be tapering off.,九月までには爆発的消費は下り坂になるように見えた。
bury,埋める; 埋葬する,動詞,Dogs often bury bones.,犬はよく骨を地面に埋める。
calculate,計算する,動詞,A computer can calculate very rapidly.,コンピューターは非常に速く計算ができる。
characterize,～とみなす； 描く； 特徴づける,動詞,United States fiscal policy has been characterized by weak credit.,アメリカの金融政策は信用の引き締めで特徴づけられている。
chase,追いかける，追跡,動詞,He was arrested by police after a TV chase in Osaka.,テレビ中継された大阪での追跡劇の末、彼は逮捕された。
chat,おしゃべりする；チャットする,動詞,I had a little chat with John after the meeting.,会議のあとジョンと話し合った。
claim,主張する；要求する,動詞,You have no claim on me.,君は私に要求する権利はない。
combine,組み合わせる,動詞,You had better combine your work with your family life.,仕事と家庭生活を結び付けたほうがいいですよ。
command,指揮する,動詞,It is essential to have good command of English nowadays.,今日英語を自由に使うことができることは是非とも必要なことです。
commit,(罪などを)犯す,動詞,Don't commit yourself to doing it within a week.,一週間以内にそれをやるなどはっきり言ってしまうな。
compare,比較する,動詞,We compare life to a journey.,我々は人生を旅にたとえる。
complain,不平を言う,動詞,You've got nothing to complain of.,君には不満が全くない。
complicate,複雑にする,動詞,That'll complicate matters more.,それは問題をより複雑にするでしょう。
concentrate,集中する,動詞,You should concentrate on the road when you're driving.,運転している時は、道路に集中すべきだ。
confuse,混乱させる,動詞,Never confuse art with life.,絵に書いた餅は食べられない。
connect,つなぐ；接続する,動詞,Please connect me with Dr. White.,ホワイト博士につないで下さい。
contact,接触する；連絡する,動詞,We were unable to make contact with them until it was too late.,我々が彼らに連絡をとったときはすでに遅すぎた。
contain,含む；入る,動詞,This room is too small to contain 50 men.,この部屋に５０人は入り切れない。
contribute,寄付する,動詞,Science and art must contribute to the promotion of human welfare.,科学と芸術は人類の幸福の増進に貢献しなければならない。
convince,納得させる,動詞,I could not convince him of his mistake.,わたしは彼に彼の誤りを悟らせる事ができなかった。
cope,対処する,動詞,You have to cope with those difficult problems.,君はそれらの難問題に対処しなくてはならない。
copy,写す； コピーする； まねる,動詞,The picture you are looking at is a copy of a Picasso.,君が見ている絵はピカソの複製だ。
cough,咳をする,動詞,Do you have any cough medicine?,咳止めはありますか。
counter,反論，反論する,動詞,Where is the counter to pay my bill?,会計の窓口はどこですか。
crack,割れる，割れ目,動詞,The ice will crack beneath our weight.,我々の重みで氷が割れるだろう。
crash,衝突する,動詞,The stock market crash forced many retirees back into the job market.,株式市場の暴落で、定年退職者の多くが労働市場に戻らざるを得なかった。
create,作り出す；創造する,動詞,Can we create something out of nothing?,我々は、無から有を作り出すことができるだろうか。
dare,あえて～する,動詞,How dare you say such a thing to me?,君はどうして私にそんなことが言えるのか。
deliver,配達する；伝える；出産する,動詞,I am counting on you to deliver the opening address.,私は君に開会の挨拶をしてもらおうと当てにしています。
deny,否定する,動詞,Do you deny that you went there?,君はそこに行ったことを否定するのですか。
depress,落ち込ませる,動詞,Rain doesn't depress people who like reading.,雨が降っても読書の好きな人は気がめいらない。
describe,説明する；描写する,動詞,Can you describe the object?,その物体がどんな物か言い表す事が出来ますか。
deserve,値する,動詞,You deserve the prize.,君にはその賞を取るに値する。
design,図案；設計図；計画，デザインする；考案する,動詞,I can't think about the design any more.,もうこれ以上、デザインを考えられない。
desire,望む；強く欲する，欲望；願望,動詞,We all desire success.,我々はみな成功を望む。
destroy,破壊する,動詞,We think nuclear weapons will destroy our earth.,核兵器はわが地球を滅ぼすと思う。
detect,見つける；検出する,動詞,The computer can detect 200 types of error.,そのコンピューターは２００種類の間違いを探せる。
determine,決定する,動詞,No one can determine the amount of money we waste in a year.,一年間で浪費するはした金がいくらになるか、だれにも決めかねる。
develop,発達する；開発する,動詞,Why didn't modern technology develop in China?,近代科学技術はなぜ中国で発展しなかったのだろうか。
diet,食事，ダイエットする,動詞,An orderly lifestyle and a regular diet are the keys to health.,規則正しい生活、食事が健康の秘訣です。
direct,直接的な；率直な,動詞,I stepped outside and was bathed in the harsh， direct sunlight.,外に出ると強い日差しにカッと照らされた。
disappear,消える,動詞,The fog began to disappear around ten o'clock.,１０時頃になって霧が消え始めた。
disappoint,失望させる,動詞,I'll try not to disappoint you next time.,今度はがんばります。
discuss,議論する,動詞,Let's discuss your love problems on the way back from school.,君の恋愛問題は学校から帰る道々話しましょう。
disturb,乱す；妨げる,動詞,I'll do my best not to disturb your studying.,あなたの勉強を邪魔しないようにします。
divide,分ける；分割する,動詞,Oceans do not so much divide the world as unite it.,海は世界を分けるのではなく、むしろ結びつけるものです。
drag,引っ張る,動詞,The children will be a drag on me， so I want to go without them.,子供を連れていくと足手まといになる。
earn,稼ぐ,動詞,America is a lovely place to be， if you are here to earn money.,お金を稼ぎたいならアメリカが一番だ。
edit,編集する,動詞,"Click on ""edit mode"".",編集モードをクリックする。
elect to,選ぶ,動詞,He has been elected to Congress.,彼は国会へ選出された。
embarrass,恥ずかしがらせる,動詞,I didn't mean to embarrass you.,あなたに恥をかかせるつもりはありませんでした。
encourage,励ます；奨励する,動詞,It is necessary for you to go and encourage the girl.,君が行ってあの子を元気づけてやることが必要なんだ。
engage,従事する；かみ合う,動詞,I have no time to engage in gossip.,噂話のお相手をしている暇はない。
entertain,もてなす,動詞,Now let me entertain you with music.,それでは音楽をお楽しみください。
escape,逃げる,動詞,He won't be able to escape from there without a miracle， will he?,奇跡でも起こらない限り、彼はそこから逃げられないんじゃないか。
establish,設立する；制定する,動詞,Our ultimate goal is to establish world peace.,私たちの究極の目標は世界平和を樹立することである。
examine,試験をする；調べる,動詞,The doctor used X-rays to examine my stomach.,医者は、私の胃を調べるためにＸ線を用いた。
exchange,交換する,動詞,The exchange rates for foreign currency change daily.,外貨の為替レートは毎日変わる。
exhaust,疲れさせる,動詞,Inhaling diesel exhaust is bad for our health.,ディーゼルの排気ガスは体に悪い。
exist,存在する,動詞,I don't exist to you.,眼中にない。
expose,さらす；暴く,動詞,We should sometimes expose our bodies to the sun.,我々は時々日光にさらす必要がある。
extend,引き伸ばす；広げる,動詞,Can you extend your holiday by a few days?,休暇を２、３日延ばせませんか。
fail,失敗する、目標に達成しない,動詞,I don't want to fail my exams.,試験に失敗したくないよ。
fancy,好む；～したい気がする,動詞,I take a fancy to seeing movies.,映画を見るのが好きです。
fascinate,魅了する,動詞,Blood and violence fascinate them.,彼らは血と暴力に引き付けられている。
file,提出する,動詞,Correct the mistake and return the file to Mr Luxemburg.,間違いを訂正した上で、ファイルをルクセンバーグ氏に返却して下さい。
float,浮く,動詞,The substance is light enough to float on the water.,その物質は水に浮かぶほど軽い。
flow,流れる,動詞,This river flows into the sea of Japan.,この川は日本海に流れている。
fold,折りたたむ,動詞,With great effort she managed to fold one more.,一生懸命頑張ってどうにかもう１羽折ることができた。
fool,だます,動詞,He is no more a fool than you are.,君と同じく彼は愚かでない。
gain,得る,動詞,The key question is not what can I gain but what do I have to lose.,鍵となる問題は何を得ることができるかではなく、何を失わなければならないかである。
gather,集会を開く,動詞,You must gather further information.,もっと情報を集めねばならない。
grab,つかみ取る,動詞,Want to grab a drink on the way home?,会社の帰りに、ちょっと一杯やってかないか。
grant,(願い・要求などを)聞き入れる；付与する,動詞,Even if I grant that what you say is true， it is no excuse.,仮に君の言い分が本当だとしても、それは言い訳にはならない。
grin,ニヤリと笑う,動詞,The professor grinned.,教授はにっこりと微笑みました。
guarantee,保証，保証する,動詞,Some companies guarantee their workers a job for life.,会社によって労働者は終身雇用を保証しているところもある。
guard,守る；見張る，警備,動詞,Be on your guard against fire.,火には、用心しなさい。
guide,案内する；指導する，案内者；指導者,動詞,He acted as a guide while I was staying in Kyoto.,京都に滞在中、彼は案内役をしてくれた。
harm,損害，害する,動詞,No harm will come to you.,君がひどい目にあうことはないよ。
hesitate,ためらう,動詞,Reporters do not hesitate to intrude into people's privacy.,記者達は個人の生活を侵害することにためらいを感じない。
hire,雇う,動詞,If you are honest， I will hire you.,君が正直なら雇おう。
identify,確認する；同一視する,動詞,Some people identify success with having much money.,金持ちになる事が成功であると考える人がいる。
ignore,無視する,動詞,It's better to ignore his eccentricities.,君は彼の奇行を気にしないほうがよい。
illustrate,説明する,動詞,This diagram will illustrate what I mean.,この図が私の言いたいことを説明してくれるでしょう。
impress,よい印象を与える,動詞,How does America impress you?,アメリカの印象はいかがですか。
improve,改善する,動詞,Try to improve your English.,英語が上達するように努力しなさい。
include,含む,動詞,The price does not include the case.,価格には箱代は含まれていません。
increase,増える；増加させる,動詞,They announced an increase in tuition fees.,学校は授業料の値上げを発表した。
indicate,指し示す,動詞,Please indicate what action you will take.,貴社の活動方針についてご説明ください。
influence,影響を与える，影響,動詞,Do you think our climate has an influence on our character?,気候が性格に影響すると思いますか。
injure,傷つける,動詞,Too much smoking tends to injure the voice.,煙草を吸い過ぎると、声を悪くしやすい。
insist,主張する,動詞,You insist upon our taking that course of action.,君は私たちにそう行動せよという。
intend,～するつもりである,動詞,I don't intend to be selfish.,自分勝手にするつもりはない。
interview,面接；インタビュー,動詞,How did your interview go?,面接はどうでしたか。
introduce,紹介する,動詞,Allow me to introduce Mr Kato to you.,加藤さんをご紹介します。
investigate,調査する,動詞,You should investigate the fact from a medical viewpoint.,医学的な見地からその事実を調査するべきだ。
invite,招待する；勧める,動詞,You may invite whomever you like.,誰でも好きな人を招待していいよ。
labor,労働，働く；詳細に論じる,動詞,Learning without thought is labor lost.,学んで思わざれば暗し。
lack,不足，欠いている,動詞,You must make allowance for his lack of experience.,君は彼の経験不足を考慮しなければならない。
leap,飛び跳ねる，跳躍,動詞,I am about to take my last voyage， a great leap in the dark.,私は今まさに最後の旅路につき、暗黒へと一大飛躍しようとしている。
lend,貸す,動詞,Please lend me your car.,君の車を貸してください。
loan,貸す，貸付,動詞,You can get a loan from a bank.,君は銀行から金が借りられるよ。
locate,捜し出す；置く；位置する,動詞,I became very nervous when I couldn't locate my passport.,パスポートが見つからなかった時、とてもあせった。
maintain,維持する；持続する,動詞,The bureaucrats maintain solid ties with the gigantic corporations.,官僚達は大企業との強固な関係を維持している。
measure,測る;寸法をとる,動詞,Money is the measure of worth.,金銭は価値の尺度である。
mix,混ぜる,動詞,Students of English often mix up the words 'lie' and 'lay'.,英語を学ぶ学生たちはｌｉｅとｌａｙとをよく混同する。
mount,登る；乗る；取り付ける,動詞,We are going to mount a hill near our school this Sunday.,今度の日曜日に、私達は学校の近くの丘に登る予定だ。
object,反対する,動詞,I don't mean to object to your proposal.,君の提案にあえて反対はしない。
observe,観察する,動詞,We must observe the rules.,規則は守らなければならない。
occur,発生する,動詞,An emergency may occur at any time.,緊急事態はどんなときでも起こるかもしれない。
operate,作動する；操作する；作用する；経営する,動詞,The engineer demonstrated how to operate the sophisticated system.,技師がその高性能なシステムの操作方法を実演してくれた。
oppose,反抗する,動詞,You have no right to oppose our plan.,君には、私たちの計画に反対する権利はない。
organize,組織する；まとめる；計画する,動詞,Patricia will organize the tournament.,パトリシアがそのトーナメントを組むでしょう。
owe,借りがある；義務がある；おかげである,動詞,You owe me an apology for that.,君はその件で僕に謝らなければならない。
pause,休止，休止する,動詞,In music or speaking， a pause is frequently used for dramatic effect.,音楽でも演説でも、間合いはすばらしい効果をあげるものとしてしばしば利用される。
perform,行う；成し遂げる,動詞,You must perform your duty.,君は自分の義務を果たすべきだ。
possess,所有する；取り憑く,動詞,Those who possess nothing lose nothing.,何ももっていない者は何も失うことはない。
pour,注ぐ,動詞,Don't pour hot water into the glass or it will crack.,コップに熱いお湯を注ぐな。さもないとひびが入るよ。
practice,練習する,動詞,You must practice grammar.,君は文法の練習をしなければならない。
pray,祈る；祈願する,動詞,Let's pray to God， and He will answer our prayers.,神に祈りましょう、そうすれば私達の祈りをかなえてくださるでしょう。
prefer,好む,動詞,Fifty-two per cent of British women prefer chocolate to sex.,イギリス人女性の52%はセックスよりもチョコレートの方が好きだ。
pretend,ふりをする,動詞,Let's pretend we are aliens.,みんな宇宙人になったつもりで。
prevent,防ぐ,動詞,We must prevent a war by all possible means.,我々は何としても戦争をふせがねばならない。
print,印刷する,動詞,This machine can print sixty pages a minute.,この機械は１分間に６０ページ印刷できる。
process,製造過程；手順；一連のプロセス，処理する,動詞,There is no easy process of learning.,学習にやさしい過程などない。
produce,産出する；製造する,動詞,Bad seed must produce bad corn.,悪い種から必ず悪い実ができる。
progress,前進する,動詞,There cannot be progress without communication.,コミュニケーションなしに進展はあり得ない。
propose,提案する,動詞,What tempted him to propose to her?,何が彼女にプロポーズするように彼を誘惑したのか。
protest,抗議，抗議する,動詞,Activists are stepping up their protest drive.,活動家たちは反対運動を強めています。
prove,証明する,動詞,What do you believe is true even though you cannot prove it?,証明もできないのに、一体何を真実だと信じるのだ？
provide,提供する,動詞,Cows provide us with milk.,雌牛はミルクを供給する。
pump,ポンプ，ポンプでくみ上げる,動詞,The pump did not act as it should have.,ポンプはちゃんと動かなかった。
purchase,購入する,動詞,We will purchase a new car next week.,我が家では来週、新車を購入するつもりだ。
qualify,資格を取る,動詞,How early do I have to make a reservation to qualify for the discount?,何日前までに予約すれば格安料金の対象になりますか。
quote,引用する，引用,動詞,I'd like a quote on the following.,下記に対して価格を提示してください。
react,反応する,動詞,Training conditions workers to react quickly to an emergency.,研修によって、従業員の非常事態への対応を迅速化できる。
recall,思い出す，想起,動詞,What was the name of the hotel? I can't recall it.,ホテルの名前は何でしたっけ。思い出せないんです。
receive,受ける；受信する,動詞,I stayed home last night to be able to receive your call.,君からの電話を受ける事ができるように昨夜家にいた。
reckon,数える；考える,動詞,You can always reckon on me.,いつでもお手伝いしますからそのつもりでいてください。
recognize,認識する,動詞,I wonder if she will recognize me after all those years.,何年もたっているので彼女は私のことを見分けがつくかしら。
recommend,推薦する,動詞,If you have some troubles， I recommend you confer with him.,何か悩みがあるのなら、彼に相談するといいですよ。
recover,回復する,動詞,I sincerely hope that you will soon recover from your illness.,君が早く病気から回復されるよう、心から望んでおります。
reduce,減少させる,動詞,We have to reduce the cost to a minimum.,我々は原価を最小限に下げないといけない。
refer,言及する；引用する；参照する,動詞,Please refer to the tourist information office.,観光案内所に問い合わせてください。
reference,言及；参照,動詞,With reference to your request， I will support.,君の申し出に関して、私は君を支持したい。
refuse,拒否する,動詞,I refuse to be treated like a slave by you.,君に奴隷のような扱いをされるなんて、まっぴらだ。
regard,注視する；注意を払う,動詞,Your essay is admirable in regard to style.,君のエッセイは文体に関してはすばらしい。
register,登録する，登録,動詞,When did they register the names of the members?,会員の名前をいつ登録したのか。
relax,くつろぐ；緩める,動詞,Hopefully you can rest and relax on the flight home.,帰りの機内では、ゆっくりお休みになれるといいですね。
release,解放する；公開する，解放,動詞,Cleanse me! Release me! Set me free!,俺を洗い清めろ！俺を解放しろ！俺を自由にしろ！
rely on,頼る,動詞,You can rely on him.,彼に頼っておけばいい。
remain,残る；～ままである，残り；遺跡,動詞,How many days will you remain in London?,君はロンドンに何日残るつもりですか。
remark,発言，述べる,動詞,Your remark amounts almost to insult.,君の言葉はほとんど屈辱に等しい。
remind,思い出させる,動詞,Your eyes remind me of stars.,君の眼は、私に星を思い出させる。
remove,取り除く；解任する,動詞,Please remove your shoes before entering the house.,靴を脱いでから家には入ってください。
repair,修理する,動詞,I made a temporary repair to the broken door.,壊れたドアに応急的な修理をした。
repeat,繰り返す，繰り返し,動詞,You had better not repeat such an error.,君はそんな間違いをくり返さない方がよい。
replace,取り替える,動詞,Would you please replace the broken one promptly?,壊れていたものを早急に交換していただけますか。
represent,表す；代表する；説明する,動詞,Six percent home loans represent the industry average now.,金利６パーセントの住宅ローンが現在の業界平均となっている。
require,必要とする,動詞,The rules require us all to be present.,規則で私達は全員出席しなくてはならない。
research,研究，研究する,動詞,Our company wants to take part in that research project.,わが社はその調査計画に参加したい。
reserve,予約する；取っておく,動詞,I'd like to reserve a table for three.,わたしは３人でテーブルを予約したい。
resist,抵抗する,動詞,I can't resist sweet things.,甘い物にはつい手が出てしまう。
respect,尊敬する，尊敬,動詞,I respect you for what you have done.,君のしたことに対し、君を尊敬する。
result,結果，～という結果になる,動詞,I'm sure your efforts will result in success.,君の努力はきっと成功をおさめるだろう。
retire,引退する；退職する,動詞,We retire at eleven o'clock.,我々は１１時に床につく。
risk,危険；リスク，賭ける；危険にさらす,動詞,You're running a big risk in trusting him.,君は大きな危険を冒しながら、彼に任せている事になる。
row,漕ぐ,動詞,I've staked out places for us in the front row of the auditorium.,観客席の最前列に席を予約したわ。
ruin,荒廃；破滅，破壊する；破滅させる；だめにする,動詞,Be more careful. Rushing through things is going to ruin your work.,急いては事を仕損じるよ。もう少々慎重に。
rush,大急ぎでする；突進する，急ぎ；突進；ほとばしり,動詞,During the rush hours we find it difficult to get a taxi around here.,ラッシュの時に、このあたりでタクシーを捕まえるのはむずかしい。
satisfy,満たす,動詞,His explanation that a solution would take time didn't satisfy anyone.,解決には時間がかかるという彼の弁明には誰も納得しなかった。
schedule,予定；スケジュール,動詞,We should have taken the schedule into consideration.,私たちは日程を考慮に入れるべきだった。
score,得点，得点する,動詞,What was the score at halftime?,ハーフタイムでの得点はどうでしたか。
scream,悲鳴，悲鳴を上げる,動詞,The sound of an awful scream made him shudder.,ものすごい叫び声に彼はぞっとした。
seal,封印する；密封する,動詞,The seal kept its balance well on the large ball.,アシカは大きなボールの上でうまくバランスを取った。
search,捜す，捜索,動詞,Many men went west in search of gold.,金を探し求めて大勢の人々が西にむかった。
seek,探し求める,動詞,Some Blacks seek more radical solutions.,一部の黒人はより過激な解決策を求める。
select,選択する，厳選した,動詞,We must select a suitable person for any post.,どんな地位にも適切な人を選ばなくてはならない。
shift,替える，交代,動詞,Working so long on the graveyard shift made his health suffer badly.,長期にわたる深夜勤務がたたって彼は健康をひどく害してしまった。
slide,滑る；そっと動く,動詞,Now， just let the clay slide between your fingers.,そして粘土を指の間で滑らせるの。
snap,ポキッと折る；パチンと音を立てる,動詞,This new camera is a snap to use.,このカメラは使いやすい。
spell,つづり；スペル，つづる,動詞,"How do you spell ""pretty""?",「ｐｒｅｔｔｙ」の綴りは？
spin,回転する,動詞,The room started to spin after I drank too much.,飲み過ぎて部屋が回り始めた。
split,割る；裂く，分割；対立,動詞,Let's split it.,割り勘で行こうよ。
spread,広げる，広がり,動詞,Fanned by a strong wind， the fire spread in an instant.,強風にあおられて火は瞬く間に広がった。
stir,かき混ぜる,動詞,I like pea pods in my stir fry.,まめのかきあげが好きです。
strengthen,強化する,動詞,It is important to strengthen the basis.,基礎を固めることは大切です。
stress,ストレスを感じる,動詞,Common causes of stress are work and human relationships.,ストレスの一般的な原因は、仕事と人間関係である。
stretch,伸ばす,動詞,I can't stretch my right arm.,右腕を伸ばせません。
strip,細長い路,動詞,The boy stripped off his clothes.,少年は衣服を脱ぎ捨てた。
stroke,なでる,動詞,I had a stroke last year.,去年脳卒中を起こしました。
struggle,もがく；奮闘する,動詞,Even today， however， women struggle against discrimination.,しかし今日でも、女性たちは差別と戦っている。
suffer,苦しむ；耐える,動詞,All humanity will suffer if a nuclear war breaks out.,核戦争が起きれば、全人類が被害を受けるだろう。
supply,供給する,動詞,The supply can not keep up with the demand.,供給が需要についていけない。
surround,囲む,動詞,Ropes surround the place.,ロープがその場所を囲っている。
survive,耐える；生き残る,動詞,The strong will survive and the weak will die.,強者は生き残り、弱者は死ぬものだ。
suspect,疑う,動詞,We all suspect him of murder.,我々はみな、彼が殺人を犯したのではないかと疑っている。
swear,誓う,動詞,You should swear on the Bible.,君は聖書に手をのせて誓うべきだ。
sweep,掃く,動詞,If each would sweep before the door， we should have a clean city.,一人一人が戸口を掃けば、町はきれいになる。
tap,軽くたたく；コツコツと音を立てる,動詞,The tap is running.,水道がでています。
threaten,脅かす,動詞,It will threaten the prosperity of the town.,それは町の繁栄を脅かすだろう。
trace,跡，跡を追う；探し出す,動詞,The media sells a trace of hatred at bargain prices.,メディアが憎悪の痕跡を安売りする。
trade,取引する,動詞,The store lost its trade to the supermarket.,その店はスーパーに客を取られた。
transfer,移動する；転送する,動詞,Please transfer 450 dollars to my account.,４５０ドル、私の口座に振り込んでください。
trick,いたずら；ごまかし，だます,動詞,Mike played a bad trick on his brother.,マイクは弟にひどいいたずらをした。
twist,ねじる，ねじれ,動詞,This mystery has a plot twist that's completely novel.,このミステリーのトリックは、奇想天外だ。
unite,団結する；結合する,動詞,Oceans do not so much divide the world as unite it.,海は世界を分けるのではなく、むしろ結びつけるものです。
value,値段をつける,動詞,The value of education cannot be overemphasized.,教育の価値はいくら強調してもしすぎることはない。
vary,変わる,動詞,Wages vary in relation to the age of the worker.,給料は労働者の年齢との関連で異なってくる。
vote,投票する,動詞,For whom will you vote for president?,会長選挙でだれに投票しますか。
wander,歩き回る；さまよう,動詞,Maybe I'll just wander off on my own.,ぶらりと一人旅でもしてくるかな。
warn,警告する,動詞,Doctors warn us of a possible danger.,医者は危険の可能性を警告する。
wipe,拭く,動詞,Would you wipe the table for me?,テーブルをふいてくれませんか。
wrap,包む,動詞,Pretty soon we'd better wrap up this break and get back to work.,休憩はこれくらいにして、ボチボチ仕事を始めますか。
abandon,(人を)見捨てる;  あきらめる,動詞,We made a pact that we wouldn't abandon one another.,我々は互いに相手を見捨てないと約束した。
abuse,乱用する,動詞,Words of abuse poured from his lips.,ののしりの言葉が彼の口をついて出てきた。
accompany,同行する；付随して起こる,動詞,May we accompany you on your walk?,君の散歩に付いていってもよいですか。
accomplish,（任務を）達成する,動詞,Come what may， I am determined to accomplish it.,何事が起ころうとも、私はそれをなしとげる決心である。
achieve,（目標を）達成する,動詞,We must achieve our aim at any price.,我々はいかなる犠牲をはらっても目標を達成せねばならぬ。
acknowledge,認める,動詞,You should acknowledge your failure.,君は失敗を認めるべきだ。
acquire,獲得する；習得する,動詞,Is it possible to acquire the bestseller in the bookstore in Akita?,そのベストセラーを秋田の書店で入手できますか。
adjust,順応する,動詞,You are a busy man， so I will adjust myself to your schedule.,君は忙しい人なのだから、私が君の予定に合わせます。
adopt,採用する；取り入れる,動詞,We have decided to adopt your idea.,君の考えを採用することにした。
advocate,提唱する；主張する,動詞,You should advocate disarmament.,君は軍備縮小を支持すべきだ。
allege,主張する,動詞,He is alleged to have stolen the jewelry.,彼は宝石を盗んだといわれている。
analyze,分析する,動詞,Let's analyze the machine.,その機械を分解してみよう。
anticipate,予期する；予測する; 期待する,動詞,I anticipate that there will be trouble.,困ったことになりそうで心配だ。
apologize,謝罪する,動詞,I think that you ought to apologize to her.,君は彼女に謝罪すべきだと思うよ。
approve,賛成する；是認する,動詞,I approve of your plan.,君の計画に賛成するよ。
arise,生じる；起こる,動詞,Trade friction might arise between the two nations at any moment.,今にも両国間に貿易摩擦が生じそうだ。
assess,評価する；査定する,動詞,How do you assess your students?,あなたはどのようにして学生を評価しますか。
assign,割り当てる；指定する,動詞,I have to assign more men to that work.,ぼくはその仕事にもっと人数をふやさなければならない。
award,授与する，賞,動詞,"Mary received an award for her composition called ""Secret love"".",「秘めた恋」という題の作文で、メアリーは賞をもらった。
ban,禁止する，禁止,動詞,The local school board would go to any length to ban that book.,教育委員会は何としてでもあの本を発売禁止にするでしょう。
behave,振る舞う,動詞,You are old enough to behave yourself.,君は行儀よくする年頃です。
bid,入札，値をつける,動詞,I'll bid farewell to this stinking school.,このひどい学校にはおさらばだ。
boost,後押し，促進する；引き上げる,動詞,Finance Ministry officials tried to boost confidence in recovery.,大蔵省の役人は景気回復への信頼をより高めようとしました。
broadcast,放送する,動詞,The radio broadcast the news in detail.,ラジオがこのニュースを詳しく放送した。
burden,荷物；負担,動詞,Supporting his family was a great burden for him.,家族を養っていく事は、彼にとって大変な重荷であった。
campaign,運動；キャンペーン,動詞,Students took the lead in the campaign against pollution.,学生たちが公害反対運動の先頭に立った。
cancel,取り消す,動詞,I am very sorry， but I must cancel our appointment for February 27.,恐縮ですが、２月２７日の約束をキャンセルさせてください。
capture,捕まえる,動詞,The capture of the prince by the king led to another war.,国王が王子をとらえたことがまた戦争をひきおこした。
celebrate,祝う,動詞,It was a party to celebrate her birthday.,それは彼女の誕生日を祝うパーティーだった。
cite,引用する,動詞,She would cite from the Bible.,彼女はよく聖書から引用したものだ。
cluster,房；群れ，房になる；群がる,動詞,A galaxy is a cluster of stars， ,銀河は星団であり、
collapse,崩壊する,動詞,The news was all about the collapse of the Soviet Union.,ニュースはソ連崩壊のものばかりだった。
communicate,伝える,動詞,We need to communicate with each other.,我々は互いにコミュニケーションをとる必要がある。
compete,競争する,動詞,We used to compete furiously in college.,我々は大学時代にはしのぎを削ったものだ。
compose,作成する；構成する,動詞,It's easy for that man to compose a good poem.,あの人にとってよい詩を作るのは簡単だ。
comprise,含む；構成する,動詞,The committee comprises ten members.,委員会は十名で構成されている。
compromise,妥協する；危険にさらす，妥協,動詞,The EC's Twelve are working out a compromise on farm-price.,欧州共同体の１２ヶ国は農産物価格についての妥協案を作成しています。
conclude,結論を出す；締結する,動詞,We have to conclude that the policy is a failure.,その政策は失敗であると結論を下さなければならない。
conduct,導く； 案内する,動詞,Your conduct is perfectly legal.,君の行動は全く合法的だ。
confirm,確認する,動詞,We will confirm your order as follows.,ご注文を下記の通り確認します。
conflict,矛盾する；衝突する,動詞,Your behavior is in conflict with your principles.,君の行動は君の信条と矛盾している。
consist,～から成り立つ,動詞,Education does not consist simply in learning a lot of facts.,教育は単に多くの事実を学ぶことにあるわけでない。
constitute,構成する,動詞,These things constitute a balanced meal.,これらのものがバランスのとれた食事を構成する。
construct,組み立てる；建てる,動詞,After reading his books I feel I can construct a house.,彼の本を読んだ後、家を建てることができるような気がした。
consult,相談する；調べる,動詞,You'd better consult the doctor.,君は医者にみてもらったほうがよい。
consume,消費する,動詞,Zeal for your house will consume me.,あなたの家を思う熱心が、わたしを食い尽くす。
contrast,対照させる,動詞,The contrast between the sky and the mountain is striking.,空と山の対比が鮮烈だ。
convert,（宗教や信仰を）変える,動詞,You must convert dollars into the local currency.,ドルは現地通貨に交換しなければなりません。
correspond,対応する;  一致する,動詞,You should make your ideas correspond with reality.,君は考えを現実と一致させるべきだ。
craft,工芸品,動詞,We must hand down our craft to posterity.,我々は技術を後世に伝えなければならない。
criticize,批判する,動詞,Don't take it amiss if I criticize your work.,君の仕事に文句をつけても気を悪くしないでくれ。
declare,発表する,動詞,I hereby declare the opening of the Olympic Games.,ここにオリンピック大会の開会を宣言します。
decline,断る,動詞,There was a rapid decline in stock prices.,株価の急激な下落があった。
decrease,減る，減少する,動詞,This medicine will decrease your pain.,この薬を飲めば痛みは軽くなるでしょう。
dedicate,捧げる；専念する,動詞,Once I retire， I will dedicate all my time to Tatoeba.,退職した暁には全ての時間をタトエバに捧げよう。
defeat,敗北，負かす,動詞,The chances of victory or defeat are even.,勝ち負けの確率は五分五分だ。
defend,守る,動詞,We have to defend our country from the foreign aggression.,我が国を他国の侵略から守らねばならない。
define,定義する,動詞,If I had to define life in a word， it would be: Life is creation.,もしも私が一言にして生命の定義を下さなければならないとするならば、生命とは創造であるということである。
delay,遅らせる，遅延,動詞,I apologize for the delay in sending the agenda.,議事事項を送るのが遅れたことをお詫びします。
demonstrate,証明する；実証する,動詞,I don't know how to demonstrate it， since it's too obvious!,こんなに明らかなことをわざわざどうやって説明したらいいのか分からない。
derive,引き出す,動詞,We derive further pleasure from our study.,我々は勉強からさらに楽しみを引き出す。
devote,ささげる；当てる,動詞,I intend to devote a few hours a day to the study of English.,私は英語の勉強に一日に数時間を使うつもりである。
differ,異なる,動詞,We differ from them in some respects.,われわれはいくつかの点で彼らと違う。
disagree,反対する,動詞,I beg to differ， as I disagree with your analysis of the situation.,君と違ってその状況分析には賛成できないよ。
dismiss,解雇する；却下する,動詞,First of all， we must dismiss him.,まず第一に彼を解雇しなければならない。
display,表示する；展示する，表示；展示,動詞,The author doesn't display much talent in his book.,その筆者は本の中で、たいした才能を発揮していない。
distinguish,区別する,動詞,You should distinguish between right and wrong.,君は善悪の区別をつけるべきだ。
distribute,分配する,動詞,We would like to distribute your product in Japan.,貴社の製品を日本で販売させていただきたく思います。
dominate,支配する,動詞,She dominates her husband.,彼女は夫を尻に敷いている。
eliminate,排除する,動詞,We tried to eliminate all danger beforehand.,我々はあらかじめすべての危険を除去しようとした。
emerge,出現する,動詞,Japan is still struggling to emerge from recession.,日本は今も景気後退から立ち直ろうと努力を続けている。
emphasize,強調する,動詞,You should emphasize that fact.,君はその事実を重視すべきだ。
enable,可能にする,動詞,This bird's large wings enable it to fly very fast.,この鳥には大きな羽があるので、たいへん速く飛べる。
encounter,出会う，出会い,動詞,She gave me a humorous account of her encounter with him.,彼女が彼との出会いを面白く話してくれた。
enhance,高める；強化する,動詞,If you have a good garden， it will enhance the value of your house.,よい庭がついていれば家の価値を高めるでしょう。
ensure,保証する；確保する,動詞,This medicine will ensure you a good night's sleep.,この葉を飲めばきっと一晩ぐっすり眠れるでしょう。
entitle,資格をあたえる; 題名をつける,動詞,He is entitled to better treatment.,彼はもっとよい待遇を受ける権利がある。
evaluate,評価する,動詞,There are many things which we cannot evaluate in terms of money.,金銭に換算できないものが数多くある。
evolve,進化する； 発展する,動詞,The threat increases; a defence that doesn't evolve is meaningless.,脅威は変化し続ける、進化できない防御は意味がない。
exceed,超える,動詞,The length of the article is not to exceed 1000 words.,記事の長さは１０００語を超えてはならない。
exclude,除外する,動詞,We cannot exclude feeling from our experience.,我々は経験から感情を閉め出すことはない。
exhibit,展示する；表す,動詞,They are going to exhibit many famous old paintings at the gallery.,その画廊では多くの古い名画を展示することになっている。
expand,拡大する,動詞,People want more money to expand educational institutions.,教育施設を拡充する金をもっと多くと望んでいる。
explore,探索する,動詞,We want to explore an underwater oil field.,海底油田の開発をしたい。
export,輸出する,動詞,We import raw materials and export the finished products.,我々は原材料を輸入して、製品を輸出している。
fade,しぼむ；色あせる,動詞,Flowers soon fade when they have been cut.,花は切られるとすぐにしぼむ。
fulfill,満たす；果たす,動詞,Try to fulfill your duty.,義務を果たすように努力しなさい。
generate,生み出す,動詞,Nuclear power is used to generate electricity.,原子力が発電に使われている。
greet,挨拶する；出迎える,動詞,When the visitor entered the room， we stood to greet him.,客が入室してきた時、私達は立ちあがってあいさつをした。
hint,ほのめかす，ヒント,動詞,There was a hint of fall in the air.,秋の気配が感じられた。
imply,暗に意味する,動詞,Are you implying something?,何か意味があるのですか。
import,輸入する，輸入,動詞,Proponents of increased import duties are at odds with each other.,関税引き上げの提案国はお互いに反目しています。
impose,課す；強いる,動詞,The U. N. moved to impose sanctions.,国連は制裁を加えるために動き出しました。
incorporate,合併する；組み込む；法人組織化する,動詞,Her business was incorporated.,彼女の事業は会社の組織になった。
input,入力；インプット,動詞,Please input your PIN number.,暗証番号を押してください。
inspire,刺激を与える；触発する,動詞,Asian religions inspire him to create splendid sculptures.,アジアの宗教から閃きを得て、彼は複数の素晴らしい彫刻を生み出した。
install,導入する；設置する；インストールする,動詞,The man tried to install his own antenna.,その男はアンテナを取り付けようとした。
integrate,統合する,動詞,school is an integrated junior high and high school.,その学校は、中・高一貫校だ
interpret,通訳する,動詞,How do you interpret these sentences?,この文章をどう解釈しますか。
invent,発明する,動詞,If God did not exist， it would be necessary to invent him.,もしも神が存在しないのならば、神を造り出す必要があろう。
invest,投資する,動詞,Our advice is that the company invest in new equipment.,会社は新しい設備に投資すべきだというのが私たちの助言です。
isolate,隔離する；孤立させる,動詞,I felt isolated.,私は孤独を感じた。
justify,正当化する,動詞,Can you justify the use of violence?,君は暴力行使を正当化することができますか。
launch,始める；発射する,動詞,The general decided to launch an offensive against the enemy camp.,大将は敵陣に攻撃をかける決断を下した。
link,つなぐ；連結する，輪,動詞,Is there a link between smoking and lung cancer?,喫煙と肺ガンには関連があるのでしょうか？
manufacture,製造，製造する,動詞,You'll have to manufacture some kind of excuse.,君はなんらかの口実をつくらなければならない。
modify,変更する,動詞,You'll have to modify the height of the table to make it fit.,合うようにテーブルの高さを修正しなければならない。
motivate,やる気にさせる,動詞,The teachers are trying to motivate their students.,教師達は生徒にやる気を起こさせるように努力している。
neglect,無視する；怠る,動詞,You must account for your neglect of duty.,君は職務怠慢の申し開きをしなければならない。
negotiate,交渉する,動詞,We delegated him to negotiate with them.,我々は彼を彼らと交渉する代表にたてた。
occupy,占める,動詞,Smokers are asked to occupy the rear seats.,たばこをお吸いの方は後部座席にお坐り下さい。
outline,概要，概要を述べる,動詞,First， I'm going to do an outline of my new website.,まず新しいサイトの概説をしようと思う。
overcome,克服する,動詞,You have to overcome the difficulties.,君はその困難を克服しなければならない。
participate,参加する,動詞,Please give us a call now if you want to participate in the workshop!,この講習会に参加をご希望のかたは、今すぐお電話ください。
perceive,知覚する；気づく,動詞,I perceive by your face that you have good news.,あなたの表情から良い知らせがあるとすぐ分かります。
permit,許可する,動詞,The landlord won't permit him to paint the door red.,家主は彼がドアを赤く塗ることを許してくれない。
persuade,説得する,動詞,It is no use your trying to persuade him.,君が彼を説得しようとしても無駄である。
plot,企み；陰謀，たくらむ,動詞,Their plot to start a fire was discovered by the police.,火事を起こすという彼らの陰謀は警察に発見された。
pose,姿勢；ポーズ，ポーズをとる,動詞,Examinations pose a big problem.,試験は大きな問題を提起する。
praise,称賛，称賛する,動詞,Why do American parents praise their children?,なぜアメリカ人の両親は自分の子供を誉めるのか。
predict,予測する,動詞,We cannot really predict anything.,我々は本当に何も予言できはしない。
preserve,保存する,動詞,We must preserve our peaceful constitution.,我々は平和憲法を守らなければならない。
proceed,続ける；実施する,動詞,Let's proceed with the items on the agenda.,議題に上っている項目（の議論）を続けましょう。
profit,利益を得る,動詞,We shared the profit among us all.,我々は全員で利益を分け合った。
promote,推進する；促進する；奨励する,動詞,We must promote commerce with neighboring countries.,我が国は近隣諸国との貿易を促進せねばならない。
prompt,刺激する；促す，刺激；促進,動詞,Your prompt reply is urgently required.,あなたの迅速な返事が是非とも必要です。
pursue,追求する,動詞,Students often pursue their teacher with questions.,学生はしばしば先生を質問攻めにする。
rank,階級；地位，順位付けする,動詞,The hierarchy of rank has long been fixed.,階級組織は長い間固定されてきた。
rear,育てる,動詞,I rear cattle.,家畜を飼育する。
recruit,採用する；募集する，新入社員,動詞,Hey， the new recruit this time seems really cute.,おい、今度の新人かわいいらしいぜ。
reflect,反映する；反射する,動詞,Please change your database to reflect the new address as follows.,貴社のデータベースにある私どもの住所を、下記新住所に変更してください。
reform,改革する，改革；改良,動詞,We should reform this law.,この法律は改正すべきだ。
regret,後悔する，後悔,動詞,Sooner or later， you will regret your idleness.,君は遅かれ早かれ怠けていたことを後悔するよ。
regulate,規制する,動詞,Traffic lights are used to regulate traffic.,交通信号は交通の流れを規制するために使われている。
reject,拒否する,動詞,I do not want to reject this claim.,この訴えを退けたくはない。
request,依頼する，依頼,動詞,You should have refused his request flatly.,君は断固として彼の要求を拒絶すべきであった。
rescue,救助する，救助,動詞,Try to hold on until a rescue team arrives.,救助隊がくるまで頑張りなさい。
resign,辞任する,動詞,The minister was obliged to resign from the Cabinet.,その大臣は内閣からの辞職を余儀なくされた。
resolve,（主観的に）解決する,動詞,The doctor's warning stiffened my resolve to stop drinking.,医師の警告で禁酒の決意が固くなった。
respond,返事する；反応する,動詞,Our bodies respond to our feelings.,我々のからだは感情に反応する。
restore,回復する,動詞,How on earth can we restore our youth?,一体どうしたら若さが取り戻せるのだろう。
restrict,制限する,動詞,There is a plan to restrict the use of cars in the city center.,市内での車の使用を規制する計画がある。
retain,保持する,動詞,If you use a computer， you can retain information.,コンピューターを使えば情報を保持することができる。
reveal,暴露，明らかにする,動詞,It is not ethical for a doctor to reveal confidences.,医師が患者の秘密を漏らすのは道義にもとる。
reverse,逆，反対の，逆転する,動詞,You need to reverse your vest， it's back to front.,ベストを裏返さなくちゃ。表裏逆ですよ。
review,批評，批評する,動詞,Did you try to review the English lessons?,君は英語の復習をしようとしましたか。
revise,改訂する；復習する,動詞,In the light of what you told us， I think we should revise our plan.,君の話から考えて、我々の計画は練り直すべきだと思う。
reward,報酬，報いる,動詞,You'll get a reward for your cooperation.,協力者に対しては賞金が出ます。
sample,見本；サンプル,動詞,The doctor analyzed the blood sample for anemia.,医者は貧血の検査をするためサンプルを分析した。
scan,詳しく調べる；ざっと目を通す；スキャンする,動詞,He quickly scanned my manuscript.,彼は私の原稿にざっと目を通してくれた。
sigh,ため息，ため息をつく,動詞,Once outside， I gave a deep sigh of relief.,外へ出ると、私は深深と安堵のため息をついた。
solve,（客観的に）解決する,動詞,You are too clever not to solve the hard problem.,君は頭がよいからその難問も解けないはずはない。
specify,指定する,動詞,He didn't specify when he would return.,彼はいつ帰るかはっきり言わなかった。
sponsor,出資者；スポンサー，スポンサーになる ,動詞,My sponsor was willing to agree to my suggestion.,私の後援者は喜んで私の提案に同意してくれた。
stain,染み；汚点，染める；汚す,動詞,Your collar has a stain on it.,君のカラーにはしみがついている。
stake,賭け金，賞金；利害関係，賭ける,動詞,We have a substantial stake in the venture.,我々は、その事業にかなりの金をつぎ込んでいる。
stimulate,刺激する,動詞,This is moderately spicy， but it does stimulate the appetite.,この程よい辛さが、食欲を掻き立てる。
strain,こす；ろ過する,動詞,The strain has begun to tell on his health.,過労が彼の健康にこたえ始めた。
submit,提出する,動詞,Applicants were requested to submit their resumes.,応募者は彼らの履歴書を提出するように求められた。
succeed,成功する,動詞,You are sure to succeed in time.,君はそのうち必ず成功する。
summarize,要約する,動詞,Now please summarize the main points in your notebook.,それでは要点をノートにまとめてください。
survey,調査する,動詞,The results of the survey will be announced in due course.,その統計の結果はそのうちに発表されるだろう。
suspend,一時停止する；停職・停学にする,動詞,The game was suspended.,試合は一時中断された。
sustain,持続する,動詞,Heavy posts are needed to sustain this bridge.,この橋を支えるには重い柱が必要だ。
transform,変える（大きく劇的な変化）,動詞,Our minds transform experiences into symbols.,私たち人間の頭は経験を表象に変える。
translate,翻訳する,動詞,It took me more than two hours to translate a few pages of English.,２、３ページの英語を訳すのに２時間以上もかかりました。
transport,輸送する，輸送,動詞,After all， their form of transport produces no pollution at all.,何といっても、彼らの輸送形態は公害を全く引き起こさない。
undergo,経験する；(治療などを)受ける,動詞,The surgeon persuaded me to undergo an organ transplant operation.,外科医は私を説得して、臓器の移植手術を受けることに同意させた。
underlie,根底にある,動詞,the social conditions underlying the present turmoil,現在の混乱を引き起こしている社会情勢
undertake,引き受ける,動詞,I have a mind to undertake the work.,その仕事を引き受けようと思っている。
urge,促す，衝動；本能,動詞,Advertisements urge us to buy luxuries.,宣伝広告に駆り立てられて私たちは高価な商品を買ってしまう。
volunteer,ボランティア ,動詞,The volunteer group provides war victims with food and medicine.,ボランティアグループの人達は戦争被害者に食料と医薬品を配った。
weigh,重さを量る,動詞,On average， these packages weigh two pounds.,これらの小包の重さは平均すると２ポンドです。
whisper,ささやく,動詞,A whisper ran through the crowd.,群集の中にささやきが伝わった。
withdraw,撤回する；引き出す,動詞,You may as well withdraw from the club right away.,君は直ちにクラブを脱退したほうがよい。
yield,折れる；降伏する；譲る,動詞,Patients often die simply because they yield to their diseases.,患者はただ自らの病気に屈して死ぬことがよくある。
attach,取り付ける；添付する,動詞,It is important that you attach your photo to the application form.,君の写真を申込書に添付することを忘れないでね。
lean,傾く；もたれる,動詞,Don't lean against the wall.,壁により掛かるな。
park,駐車場，駐車させる,動詞,Sir， you are not allowed to park your car here.,あなたはここに駐車してはいけない。
post,郵送する,動詞,I want you to go to the post office.,君に郵便局へ行ってもらいたい。
read,読む,動詞,Take a book and read it.,本を取ってそれを読みなさい。
return,戻す；返す，帰宅；返却；復帰；お返し,動詞,You should return home before it gets dark.,君は暗くならないうちに家に帰るべきです。
turn,曲がる；向きを変える,動詞,Could you turn on the light， please?,明かりをつけてくれませんか。
update,更新，更新する,動詞,Could I get you to update this data for me?,このデータをアップデートしていただけますか。
call,電話する,動詞,I'll call them tomorrow when I come back.,明日帰ったら電話します。
demand,要求する，要求,動詞,That young critic is in high demand in a lot of places.,あの若い評論家はあちこちで引っ張りだこである。
point,指し示す,動詞,Excuse me; allow me to point out three errors in the above article.,失礼だが、上記の記事にある３つの誤りを指摘しておきたい。
shine,光る,動詞,The moon does not shine as brightly as the sun.,月は太陽ほど明るくは光らない。
shoot,（ボールをゴールに）ける；投げ入れる；シュートする,動詞,I'm gonna shoot him.,こらしめてやる。
suit,合う；適する,動詞,There is no reason to wear a suit to the beach.,海岸へ背広を着ていく理由はない。
play,競技する,動詞,I will play Sudoku then instead of continuing to bother you.,君を邪魔するくらいなら私は数独をやってるよ。
mean,意味する；価値のある,動詞,I may be antisocial， but it doesn't mean I don't talk to people.,私は反社会的かもしれないけれど人と話さないわけではない。
show,（やり方を）見せる；教える,動詞,I was wondering if you were going to show up today.,今日君は来るのかなと思っていたところだよ。
work,働く,動詞,He works in a very efficient way.,彼はとても効率的な仕事をする。
