abandon,(人を)見捨てる;  あきらめる,動詞,We made a pact that we wouldn't abandon one another.,我々は互いに相手を見捨てないと約束した。
abortion,流産；中絶,名詞,The independent candidate took the abortion issue off his platform.,その無所属候補者は中絶問題を公約からはずしました。
abroad,海外に,副詞,The number of students who travel abroad for vacation is increasing.,休暇を利用して海外旅行をする学生がますます増えている。
absence,不在；欠席；不足,名詞,The teacher was worried by Tom's frequent absence from class.,教師はトムのたび重なる欠席を心配した。
abstract,抽象的な;  理論的な,形容詞,The theory is too abstract for me.,その理論は私にはちんぷんかんぷんだ。
abuse,乱用する,動詞,Words of abuse poured from his lips.,ののしりの言葉が彼の口をついて出てきた。
academic,学者； 大学教授,名詞,Debate is an academic game between the affirmative and the negative.,ディベートとは肯定側と否定側で交わされる知的ゲームである。
accommodation,宿泊施設,名詞,The hotel has accommodation for one hundred.,そのホテルには１００人を収容する施設がある。
accompany,同行する；付随して起こる,動詞,May we accompany you on your walk?,君の散歩に付いていってもよいですか。
accomplish,（任務を）達成する,動詞,Come what may， I am determined to accomplish it.,何事が起ころうとも、私はそれをなしとげる決心である。
accurate,正確な,形容詞,Give me an accurate report of what happened.,何が起こったのか正確な報告をしなさい。
achieve,（目標を）達成する,動詞,We must achieve our aim at any price.,我々はいかなる犠牲をはらっても目標を達成せねばならぬ。
achievement,達成；成果,名詞,His achievements were acknowledged.,彼の功績は認められた。
acknowledge,認める,動詞,You should acknowledge your failure.,君は失敗を認めるべきだ。
acquire,獲得する；習得する,動詞,Is it possible to acquire the bestseller in the bookstore in Akita?,そのベストセラーを秋田の書店で入手できますか。
acquisition,獲得；買収,名詞,Matt is a powerful acquisition for our team.,マットは我々のチームの強力な新メンバーだ。
adequate,適正な；十分な,形容詞,That threw adequate light on his feelings toward her.,それが彼女に対する彼の気持ちを十分に明らかにした。
adjust,順応する,動詞,You are a busy man， so I will adjust myself to your schedule.,君は忙しい人なのだから、私が君の予定に合わせます。
adjustment,適応,名詞,You can adjust the seat height by moving the adjustment lever up.,調節レバーを上に上げると座面の高さを調節できます。
administration,管理,名詞,Our school administration decided to do away with that school rule.,学校当局はその校則を廃止することに決定した。
adopt,採用する；取り入れる,動詞,We have decided to adopt your idea.,君の考えを採用することにした。
advocate,提唱する；主張する,動詞,You should advocate disarmament.,君は軍備縮小を支持すべきだ。
agency,代理店,名詞,Does she come from the agency that sent the last temporary I had?,この娘はこの前のバイトをよこした代理店から送られてきたのか。
agenda,議題;  政策;  方針,名詞,The agenda for the meeting has been distributed.,会議の議題が配布された。
aggressive,積極的な; 攻撃的な; 好戦的な,形容詞,The aggressive salesman urged me to sign the contract right away.,強引な販売員がすぐに契約書に署名するよう強く迫った。
agricultural,農業の,形容詞,Global agricultural output was expanding.,世界的な農業生産高は伸びていた。
aim,目指す;  狙う;  銃や矢を～に向ける,名詞,We must achieve our aim at any price.,我々はいかなる犠牲をはらっても目標を達成せねばならぬ。
aircraft,航空機,名詞,That aircraft company deals in freight only.,その航空会社は貨物のみを扱っている。
airline,航空会社,名詞,Corsairfly is an airline based in Paris.,コールセルフライはパリに本拠を置く航空会社です。
album,(写真の)アルバム,名詞,The album will have been completed by next July.,そのアルバムは次の７月までには完成されているだろう。
allege,主張する,動詞,He is alleged to have stolen the jewelry.,彼は宝石を盗んだといわれている。
ally,同盟国,名詞,Let's ally ourselves to that group.,我々はその団体に参加しよう。
alongside,～と並んで；～のそばに；～と平行して,前置詞,Houses were lined up alongside the highway.,街道沿いに家が並んでいた。
alternative,選択肢；代替案,名詞,Is there no alternative to what you propose?,君の提案することのほかに方法はないのか。
amendment,改正,名詞,In accordance with amendments to the Civil Code，,民放の改正に従い、
analysis,分析,名詞,I beg to differ， as I disagree with your analysis of the situation.,君と違ってその状況分析には賛成できないよ。
analyst,分析家；アナリスト,名詞,financial analyst,金融アナリスト
analyze,分析する,動詞,Let's analyze the machine.,その機械を分解してみよう。
ancient,古代の,形容詞,We discovered relics of an ancient civilization.,我々は古代文明の遺跡を発見した。
angle,角度,名詞,The angle would be too narrow.,それでは角度が小さすぎよう。
annual,毎年の,形容詞,Our company has annual sales of a thousand million yen.,我社の年間売り上げは１０億円である。
anticipate,予期する；予測する; 期待する,動詞,I anticipate that there will be trouble.,困ったことになりそうで心配だ。
anxiety,不安,名詞,In my anxiety to pass the test， I studied all night.,そのテストに合格したくて、徹夜で勉強した。
apologize,謝罪する,動詞,I think that you ought to apologize to her.,君は彼女に謝罪すべきだと思うよ。
appropriate,適切な,形容詞,Let no one appropriate a common benefit.,何人たりとも公共の利益を独占すべきではない。
approval,賛成；是認,名詞,I would be grateful for your approval of this request.,このお願いをお認めいただけましたら幸いです。
approve,賛成する；是認する,動詞,I approve of your plan.,君の計画に賛成するよ。
approximately,約；大体,副詞,Chemical products account for approximately two-thirds of our exports.,化学製品が当社の輸出品のおよそ３分の２を占めます。
architecture,建築学；建築物,名詞,The architecture in this part of the city is ugly.,市の地区の建物はみな醜悪だ。
arise,生じる；起こる,動詞,Trade friction might arise between the two nations at any moment.,今にも両国間に貿易摩擦が生じそうだ。
assess,評価する；査定する,動詞,How do you assess your students?,あなたはどのようにして学生を評価しますか。
assessment,評価（事前評価）,名詞,How do you assess your students?,あなたはどのようにして学生を評価しますか。
asset,資産；貴重なもの,名詞,She will be an asset to the Purchasing Department.,購買部にとって重要な人材になられると思います。
assign,割り当てる；指定する,動詞,I have to assign more men to that work.,ぼくはその仕事にもっと人数をふやさなければならない。
assumption,仮定；憶説,名詞,Your assumption that his death was an accident seems to be wrong.,彼の死は事故だとする君の推定は間違っているようだ。
athlete,スポーツ選手,名詞,The athlete was full of spirit and confidence.,競技者は気迫と自信に満ちていた。
attribute,属性;  特質,名詞,We attribute Edison's success to intelligence and hard work.,エジソンの成功は知性と勤勉との結果でもある。
audience,観客,名詞,The excited audience ran into the concert hall.,興奮した観客はコンサートホールになだれこんだ。
author,著者,名詞,Richard Roberts is the author of numerous books.,リチャード・ロバーツには数多くの著書がある。
award,授与する，賞,動詞,"Mary received an award for her composition called ""Secret love"".",「秘めた恋」という題の作文で、メアリーは賞をもらった。
ban,禁止する，禁止,動詞,The local school board would go to any length to ban that book.,教育委員会は何としてでもあの本を発売禁止にするでしょう。
barrier,バリア；障壁,名詞,High tariffs have become a barrier to international trade.,高い関税が国際貿易の障害となっている。
behave,振る舞う,動詞,You are old enough to behave yourself.,君は行儀よくする年頃です。
behavior,行動,名詞,You have a responsibility to explain that behavior to me.,君はその行為について、僕に説明する義務がある。
belief,信念,名詞,I have a firm belief in his innocence.,僕は彼の無実を堅く信じている。
bias,偏見；バイアス,名詞 ,The villagers had a bias against any newcomer.,村人達は新参者に対しても偏見を持っていた。
bid,入札，値をつける,動詞,I'll bid farewell to this stinking school.,このひどい学校にはおさらばだ。
biological,生物学的な,形容詞,How long adolescence continues is determined by biological factors.,青春期がどのくらい長く続くかは生物学的要因によって決る。
boost,後押し，促進する；引き上げる,動詞,Finance Ministry officials tried to boost confidence in recovery.,大蔵省の役人は景気回復への信頼をより高めようとしました。
border,境界； 国境,名詞,We camped on the border of the lake.,我々はその湖のほとりでキャンプした。
boundary,境界,名詞,The Rhine is the boundary between France and Germany.,ライン川はフランスとドイツの境界線である。
broadcast,放送する,動詞,The radio broadcast the news in detail.,ラジオがこのニュースを詳しく放送した。
budget,予算,名詞,Our family budget is in the red.,我が家の家計は赤字だ。
burden,荷物；負担,動詞,Supporting his family was a great burden for him.,家族を養っていく事は、彼にとって大変な重荷であった。
campaign,運動；キャンペーン,動詞,Students took the lead in the campaign against pollution.,学生たちが公害反対運動の先頭に立った。
cancel,取り消す,動詞,I am very sorry， but I must cancel our appointment for February 27.,恐縮ですが、２月２７日の約束をキャンセルさせてください。
cancer,癌,名詞,The cancer has spread to her stomach.,癌は彼女の胃に移転している。
capacity,能力；容量,名詞,Mr Brown was acting in the capacity of ambassador.,ブラウン氏は大使の資格で行動していた。
capture,捕まえる,動詞,The capture of the prince by the king led to another war.,国王が王子をとらえたことがまた戦争をひきおこした。
carbon,炭素,名詞,Trees give off oxygen and absorb carbon dioxide.,樹木は酸素を排出し、二酸化炭素を吸収する。
catalog,カタログ,名詞,Our catalog will be sent on demand.,ご請求次第カタログをお送りします。
category,部門；カテゴリー,名詞,The category of a hurricane depends on its wind speed.,ハリケーンの種類は風速によって決まります。
celebrate,祝う,動詞,It was a party to celebrate her birthday.,それは彼女の誕生日を祝うパーティーだった。
celebration,お祝い,名詞,Please accept this gift for the celebration on your wedding.,結婚のお祝いに、これをお贈りします。
cell,携帯電話,名詞,How can you have a laptop and not a cell phone?,どうしてノートパソコンは持っているのに携帯電話は持っていないの？
ceremony,儀式,名詞,The ceremony began with his speech.,式典は彼の話から始まった。
chairman,議長； 会長,名詞,The chairman rejected his absurd proposal.,議長は彼のばかげた提案を拒絶した。
chamber,部屋；評議会,名詞,We visited the king's main chamber in the castle.,私たちはその城の中にある王の間を訪れた。
characteristic,特徴的な,形容詞,Slow speech is characteristic of that man.,ゆっくりとした話し方はその男に特有なものだ。
charity,慈善団体,名詞,The opera singer held a charity concert of his own accord.,オペラ歌手は自発的にチャリティーコンサートを開いた。
chart,図表,名詞,The chart illustrates how the body works.,その図は体の働きを説明している。
chemical,化学の，化学製品,名詞,Immediately after it caught fire， the chemical factory blew up.,火がつくとすぐに、その化学工場は爆発した。
cite,引用する,動詞,She would cite from the Bible.,彼女はよく聖書から引用したものだ。
civil,市民の,形容詞,The novel is centered on the Civil War.,その小説は南北戦争を軸にしている。
civilian,民間人,名詞,I'm a civilian.,私は一般人です。
clause,条項,名詞,The clause provides that all decisions shall be made by majority vote.,その条項は、議決はすべて過半数をもって成立すると規定している。
climate,気候,名詞,The climate has much to do with our mind and body.,気候は我々の心身に大きな関わりを持っている。
clinical,臨床の,形容詞,The clinical records in most hospitals are kept in alphabetical order.,たいていの病院ではカルテはアルファベット順に保管されている。
cluster,房；群れ，房になる；群がる,動詞,A galaxy is a cluster of stars， ,銀河は星団であり、
code,符号；コード,名詞,Can you tell me what the zip code is for New York?,ニューヨークの郵便番号を教えていただけますか。
coin,硬貨,名詞,The gold coin was much more valuable than was supposed.,金貨は思ったよりはるかに価値があった。
collapse,崩壊する,動詞,The news was all about the collapse of the Soviet Union.,ニュースはソ連崩壊のものばかりだった。
colleague,同僚,名詞,My colleague doctored the report.,私の同僚は報告書を改ざんした。
column,コラム;  囲み記事,名詞,The geyser sends up a column of hot water every two hours.,間欠泉は２時間毎に湯を噴出する。
comedy,コメディー,名詞,As a rule， I prefer a comedy to a tragedy.,概して私は悲劇よりも喜劇が好きだ。
commission,委員会,名詞,The commission concluded that the answer was no.,委員会は反対という結論を出した。
communicate,伝える,動詞,We need to communicate with each other.,我々は互いにコミュニケーションをとる必要がある。
communication,コミュニケーション；通信,名詞,Their communication may be much more complex than we thought.,彼らのコミュニケーションは我々が考えてきたものよりはるかに複雑かもしれません。
compensation,補償,名詞,He received a large sum of money in compensation for his injury.,彼は怪我の賠償として多額の金を受け取った。
compete,競争する,動詞,We used to compete furiously in college.,我々は大学時代にはしのぎを削ったものだ。
competitive,競争の；競争心の強い,形容詞,We have made an effort to quote our most competitive price.,最も安い価格をご提示するよう努力してまいりました。
competitor,競争相手,名詞,The competitor twice jumped the gun.,あの選手は２回もフライングをした。
complaint,苦情,名詞,Do you have any complaint about it?,それについて何か不服があるのですか。
complex,複雑な,形容詞,Their communication may be much more complex than we thought.,彼らのコミュニケーションは我々が考えてきたものよりはるかに複雑かもしれません。
complexity,複雑さ,名詞,behaviour of such complexity derives entirely from instinct.,そのような複雑さの振る舞いは、完全に本能に由来します。
component,構成要素；部品,形容詞,The components obtained by distillation of coal tar are as shown below.,コールタールを蒸留して得られる成分名は下表の通りである。
compose,作成する；構成する,動詞,It's easy for that man to compose a good poem.,あの人にとってよい詩を作るのは簡単だ。
composition,構成；組成；合成物；作文；作曲,名詞,You'll have this composition written by noon tomorrow， won't you?,君はこの作文を明日の正午までには書いてしまっているだろう。
compound,合成物； 化合物， 合成された,名詞,The pain from the compound fracture was almost intolerable.,複雑骨折の痛みはほとんど耐え難かった。
comprehensive,包括的な；理解力のある,形容詞,There is no such a thing as a comprehensive textbook.,すべてを網羅した教科書など存在しない。
comprise,含む；構成する,動詞,The committee comprises ten members.,委員会は十名で構成されている。
compromise,妥協する；危険にさらす，妥協,動詞,The EC's Twelve are working out a compromise on farm-price.,欧州共同体の１２ヶ国は農産物価格についての妥協案を作成しています。
concept,概念（組織的な）,名詞,The concept is quite alien to our way of thinking.,その考えは私たちの考えとまったく相いれないものだ。
concert,コンサート,名詞,I would like to go to the concert with you.,君とコンサートに行きたい。
conclude,結論を出す；締結する,動詞,We have to conclude that the policy is a failure.,その政策は失敗であると結論を下さなければならない。
conclusion,結論；締結,名詞,Your conclusion is highly arguable.,君の結論には議論の余地がたくさんある。
concrete,コンクリート， コンクリートで固める ,名詞,A committee should apply the focus to the more concrete problem.,委員会はもっと具体的な問題に焦点を当てるべきだ。
conduct,導く； 案内する,動詞,Your conduct is perfectly legal.,君の行動は全く合法的だ。
confidence,自信,名詞,Tom lacks confidence in himself.,トムは自分に自信がない。
confident,自信のある,形容詞,We are firmly confident of victory.,我々は勝利をかたく確信している。
confirm,確認する,動詞,We will confirm your order as follows.,ご注文を下記の通り確認します。
conflict,矛盾する；衝突する,動詞,Your behavior is in conflict with your principles.,君の行動は君の信条と矛盾している。
consequence,（物事の成り行きの）結果,名詞,It is of little consequence to me.,それは私にはほとんど取るに足らない。
consequently,その結果として,副詞,It rained heavily， and consequently the baseball game was called off.,雨が激しく降った、その結果、野球の試合は中止になった。
conservative,保守的な,形容詞,On the whole， the older a man grows， the more conservative he becomes.,概して、年をとるとますます保守的になります。
considerable,かなりの,形容詞,To Brian's surprise， his debt amounted to a considerable sum.,ブライアンが驚いた事に、借金はかなりの額になっていた。
consist,～から成り立つ,動詞,Education does not consist simply in learning a lot of facts.,教育は単に多くの事実を学ぶことにあるわけでない。
consistent,一貫した；一致した,形容詞,Your principles are not consistent with your actions.,君の信条は行為と一致していない。
constitute,構成する,動詞,These things constitute a balanced meal.,これらのものがバランスのとれた食事を構成する。
constraint,制約,名詞,There are few legal constraints on the sale of firearms in the U.S.,合衆国には小火器の販売に関する法律上の制約はほとんどない。
construct,組み立てる；建てる,動詞,After reading his books I feel I can construct a house.,彼の本を読んだ後、家を建てることができるような気がした。
construction,構造；建造,名詞,Mark was a work horse on his construction crew.,マークは建設班の中では働き者だった。
consult,相談する；調べる,動詞,You'd better consult the doctor.,君は医者にみてもらったほうがよい。
consultant,コンサルタント ；顧問,名詞,The debate over which consultant to use went on for hours.,どのコンサルタントを使うかと言う議論が何時間も続いた。
consume,消費する,動詞,Zeal for your house will consume me.,あなたの家を思う熱心が、わたしを食い尽くす。
consumer,消費者,名詞,The consumer price index has been fluctuating wildly.,消費者物価指数は激しく変動しています。
contemporary,現代の；同時期に起こる,名詞,The professor is familiar with contemporary literature.,その教授は現代文学に詳しい。
content,内容;  中身,名詞,Robert is content with his present position.,ロバートは現在の地位に満足している。
contest,競争，争う,名詞,We will have a music contest soon.,まもなく音楽コンクールがあります。
context,文脈；状況,名詞,The meaning of a word is determined by the context where it is used.,単語の意味はそれが使われている文脈で決まる。
contrast,対照させる,動詞,The contrast between the sky and the mountain is striking.,空と山の対比が鮮烈だ。
controversial,物議を醸す,形容詞,We sided with him in the controversy.,その論争で我々は彼に味方した。
convention,大会；慣習；条約,名詞,There was a convention last month.,先月、集会があった。
conventional,従来の,形容詞,Plastics have taken the place of many conventional materials.,プラスチックが従来の多くの材料に取って代わった。
convert,（宗教や信仰を）変える,動詞,You must convert dollars into the local currency.,ドルは現地通貨に交換しなければなりません。
cooperation,協力,名詞,Such international cooperation produced great results.,そのような国際協力が素晴らしい成果を挙げた。
core,中核部；髄,名詞,This is the core of the problem.,これがその問題の核心である。
corporate,法人組織の；団体の,形容詞,The deterioration of corporate earnings has yet to bottom out.,企業収益の悪化はまだ底を打っていない。
corporation,法人；会社,名詞,The corporation set up a dummy company.,その企業はトンネル会社を設立しました。
correspond,対応する;  一致する,動詞,You should make your ideas correspond with reality.,君は考えを現実と一致させるべきだ。
counsel,助言；弁護士,名詞,Take counsel with a man who is wise and of a good conscience.,賢明で良心的な人に助言を求めなさい。
craft,工芸品,動詞,We must hand down our craft to posterity.,我々は技術を後世に伝えなければならない。
crew,乗組員,名詞,A student with a crew cut was sitting in the front seat.,一人のクルーカットの学生がバスの前方の座席に座っていた。
crisis,危機,名詞 ,There will be an energy crisis in the near future.,近い将来エネルギー危機が起こるだろう。
criterion,基準,名詞,What criterion did you use when you elected this essay as the winner?,この評論を優勝作品に選んだ基準は何ですか。
critic,評論家,名詞,That young critic is in high demand in a lot of places.,あの若い評論家はあちこちで引っ張りだこである。
critical,重大な；危機の,形容詞,You are too critical of others' shortcomings.,君は他人のあらさがしをしすぎるよ。
criticism,批判,名詞,The brunt of criticism was borne by the chairmen.,議長が批判の矢面に立った。
criticize,批判する,動詞,Don't take it amiss if I criticize your work.,君の仕事に文句をつけても気を悪くしないでくれ。
crop,作物,名詞,We will crop the field with cotton this year.,我々はその畑に今年は綿を植え付けるつもりだ。
crucial,決定的な,形容詞,My courage failed me at the crucial moment.,いざとなったら勇気が無くなった。
currency,通貨,名詞,The exchange rates for foreign currency change daily.,外貨の為替レートは毎日変わる。
curtain,カーテン,名詞,I'll open the curtain for you to look out.,外が見れるように、カーテンを開けてあげるね。
curve,曲線，曲がり,名詞,The curve extends from point A to point B.,カーブはＡ地点からＢ地点にまでわたっている。
custom,習慣,名詞,It is our custom to take off our shoes when we enter the house.,家に入るときは靴を脱ぐのが私たちの習慣です。
cycle,周期；循環，循環する,名詞,We can clearly see the cycle of the seasons in Canada.,カナダでは季節の循環がはっきり見られます。
damn,ちくしょう，すごく,副詞,I'd do any damn thing for you.,君のためならどんなことでもするよ。
data,データ,名詞,The data to be discussed below was collected in the following way.,以下で議論されるデータは次の方法で収集された。
database,データベース,名詞,Please change your database to reflect the new address as follows.,貴社のデータベースにある私どもの住所を、下記新住所に変更してください。
debate,討論,名詞,The debate over which consultant to use went on for hours.,どのコンサルタントを使うかと言う議論が何時間も続いた。
decade,10年,名詞,I lost my son about a decade ago.,私は息子を約十年前に亡くした。
declare,発表する,動詞,I hereby declare the opening of the Olympic Games.,ここにオリンピック大会の開会を宣言します。
decline,断る,動詞,There was a rapid decline in stock prices.,株価の急激な下落があった。
decrease,減る，減少する,動詞,This medicine will decrease your pain.,この薬を飲めば痛みは軽くなるでしょう。
dedicate,捧げる；専念する,動詞,Once I retire， I will dedicate all my time to Tatoeba.,退職した暁には全ての時間をタトエバに捧げよう。
defeat,敗北，負かす,動詞,The chances of victory or defeat are even.,勝ち負けの確率は五分五分だ。
defend,守る,動詞,We have to defend our country from the foreign aggression.,我が国を他国の侵略から守らねばならない。
deficit,赤字；不足,名詞,How huge a deficit can the nation stand?,どのくらい莫大な赤字に国家は耐えられるのだろうか。
define,定義する,動詞,If I had to define life in a word， it would be: Life is creation.,もしも私が一言にして生命の定義を下さなければならないとするならば、生命とは創造であるということである。
definition,定義,名詞,Look up the definition of 'guy' in your dictionary.,君の辞書で‘ｇｕｙ’の語義を調べなさい。
delay,遅らせる，遅延,動詞,I apologize for the delay in sending the agenda.,議事事項を送るのが遅れたことをお詫びします。
democracy,民主主義 ,名詞,When did democracy come into existence?,いつ民主主義は生まれましたか。
democratic,民主的な,形容詞,Introducing democratic ideas into that country will be a slow process.,その国へ民主的な考えを導入するには時間がかかるだろう。
demonstrate,証明する；実証する,動詞,I don't know how to demonstrate it， since it's too obvious!,こんなに明らかなことをわざわざどうやって説明したらいいのか分からない。
demonstration,証明；実証,名詞,Can you demonstrate one more time?,もう一回見せてもらえるか？
density,密度,名詞,What's the country with the highest population density in the world?,世界で一番人口が密集している国はどこですか？
deposit,保証金,名詞,Some people do not like to deposit their money in banks.,銀行に預けるのが嫌いな人もいる。
derive,引き出す,動詞,We derive further pleasure from our study.,我々は勉強からさらに楽しみを引き出す。
description,記述；説明；描写,名詞,We need a detailed description of what happened.,何が起きたのか詳しく知りたい。
despite,〜にもかかわらず,前置詞,He remained poor despite being a hard worker.,一生懸命働いたが、彼は相変わらず貧乏であった。
destruction,破壊,名詞,The destruction of the environment is appalling.,環境破壊は驚くほどすすんでいる。
device,装置；デバイス,名詞,The device is attached fast to the ceiling.,その装置は天井にしっかりと固定されている。
devote,ささげる；当てる,動詞,I intend to devote a few hours a day to the study of English.,私は英語の勉強に一日に数時間を使うつもりである。
dialog,対話,名詞,dialog box,ダイアログボックス
differ,異なる,動詞,We differ from them in some respects.,われわれはいくつかの点で彼らと違う。
digital,デジタルの,形容詞,We heard about your company from Mr Morris of Digital Com Company.,デジタルコム社のモリス氏より貴社について伺いました。
dimension,寸法；面積；局面,名詞,That adds a new dimension to our problem.,そのことが我々が抱える問題に新しい面を加える。
disagree,反対する,動詞,I beg to differ， as I disagree with your analysis of the situation.,君と違ってその状況分析には賛成できないよ。
disaster,災害,名詞,The earthquake which caused the disaster occurred in 1995.,その災害を起こした地震は１９９５年に発生した。
discount,割引，割り引く,名詞,Honesty seems to be rather at a discount today.,近頃は正直が軽んじられているようだ。
disk,ディスク,名詞,It looks like your hard disk is fragmented.,ハードが断片化を起こしてるみたい。
dismiss,解雇する；却下する,動詞,First of all， we must dismiss him.,まず第一に彼を解雇しなければならない。
disorder,無秩序；疾患；障害,名詞,There were no signs of disorder in the ship.,船内には混乱のあとは少しもなかった。
display,表示する；展示する，表示；展示,動詞,The author doesn't display much talent in his book.,その筆者は本の中で、たいした才能を発揮していない。
dispute,論争；紛争，論争する,名詞,The countries concerned settled the dispute by peaceful means.,関係諸国は平和的手段で紛争を解決した。
distant,（距離的、時間的に）遠い,形容詞,We can see distant objects with a telescope.,遠くの物が望遠鏡で見える。
distinct,はっきりした；明白な,形容詞,Your way of thinking is quite distinct from mine.,君の考えは僕の考えとまるで違う。
distinction,区別；差異,名詞,The distinction in usage between the two words is clear.,その２語の用法の区別は明瞭である。
distinguish,区別する,動詞,You should distinguish between right and wrong.,君は善悪の区別をつけるべきだ。
distribute,分配する,動詞,We would like to distribute your product in Japan.,貴社の製品を日本で販売させていただきたく思います。
diversity,多様性,名詞,Existing legislation does not take diversity of races into account.,現行の法律は人種の多様性を考慮していない。
division,分割；部門,名詞,The division picnic is this Saturday at the park.,部の野外パーティーは今度の土曜日に公園で行います。
document,文書,名詞,The document was distributed to all department heads.,その文書は全ての部長に配布された。
domestic,国内の,形容詞,Smoking is now banned on all domestic plane flights.,喫煙は今では、全ての国内線のフライトで禁止されている。
dominate,支配する,動詞,She dominates her husband.,彼女は夫を尻に敷いている。
draft,下書き；草案，原稿を書く；下書きをする,名詞,The committee approved the draft budget.,委員会は予算案を承認した。
eastern,東方の,形容詞,We lack an incentive for pursuing the eastern market.,我々は東部市場を開拓しようと言う気持ちが欠けている。
edition,版,名詞,A revised edition of the encyclopedia was published.,その百科事典の改訂版が出版された。
effective,効果的な,形容詞,We have yet to discover an effective remedy for cancer.,癌の効果的な治療法はまだ発見されていない。
effectively,効果的に,副詞,This would enable us to compete more effectively with other agencies.,この条件を受けていただけると、他社との競合が有利になります。
efficiency,効率,名詞,Everyone strives for efficiency but few seem to attain it.,誰もが能率を上げるよう努力するが、ほとんどの人がそうできないようだ。
efficient,効率的な；有能な,形容詞,It is hard to imagine a more efficient way of catching food.,食物を取るのにこれ以上効果的なやり方は想像できないほどなのである。
electronic,電子の,形容詞,The use of electronic computers is growing rapidly.,コンピューターの使用は急速に増加しつつある。
element,要素,名詞,Hard work is the main element of success.,勤勉は成功のための重要な要素だ。
eliminate,排除する,動詞,We tried to eliminate all danger beforehand.,我々はあらかじめすべての危険を除去しようとした。
embrace,受け入れる；囲む；抱擁する,名詞,Embrace me.,ぎゅーして。
emerge,出現する,動詞,Japan is still struggling to emerge from recession.,日本は今も景気後退から立ち直ろうと努力を続けている。
emergency,緊急事態,名詞,What is the emergency telephone number?,緊急連絡先は何番ですか。
emphasis,強調,名詞 ,We should not place too much emphasis on money.,金銭を重視しすぎてはいけない。
emphasize,強調する,動詞,You should emphasize that fact.,君はその事実を重視すべきだ。
enable,可能にする,動詞,This bird's large wings enable it to fly very fast.,この鳥には大きな羽があるので、たいへん速く飛べる。
encounter,出会う，出会い,動詞,She gave me a humorous account of her encounter with him.,彼女が彼との出会いを面白く話してくれた。
enhance,高める；強化する,動詞,If you have a good garden， it will enhance the value of your house.,よい庭がついていれば家の価値を高めるでしょう。
ensure,保証する；確保する,動詞,This medicine will ensure you a good night's sleep.,この葉を飲めばきっと一晩ぐっすり眠れるでしょう。
enterprise,企業； 事業； 企て,名詞,The enterprise was doomed to failure.,その事業は失敗する運命にあった。
entitle,資格をあたえる; 題名をつける,動詞,He is entitled to better treatment.,彼はもっとよい待遇を受ける権利がある。
entrance,入り口；入場,名詞,To her joy， she passed the entrance examination.,嬉しいことに、彼女は入試に合格した。
entry,入場,名詞,The entry words are arranged alphabetically.,見出し語はアルファベット順に並んでいます。
episode,エピソード；出来事,名詞,Seriously though， episode 21 made me almost cry while laughing.,でもほんとに、エピソード21には涙が出るほど笑ったよ。
equation,方程式,名詞,The boy solved the simultaneous equation with ease.,その少年は連立方程式を楽に解いた。
equivalent,同等の；相当する，同等物,形容詞,That Japanese word has no equivalent in English.,その日本語に対応する英語はない。
era,時代,名詞,We are in the era of atomic energy.,我々は今や原子力時代にある。
error,エラー；誤り,名詞,An error was made.,間違いがありました。
essay,小論文; エッセイ,名詞,What criterion did you use when you elected this essay as the winner?,この評論を優勝作品に選んだ基準は何ですか。
essential,不可欠な；本質的な,形容詞,Diligence is essential to success in life.,勤勉は人生の成功に不可欠である。
estimate,見積もり,名詞,Try to estimate how much you spent on books.,君がどれだけ本に使ったか計算して見てください。
ethnic,民族的な,形容詞,These foods are associated with ethnic groups.,これらの食べ物は、さまざまな民族の集団を連想させる。
evaluate,評価する,動詞,There are many things which we cannot evaluate in terms of money.,金銭に換算できないものが数多くある。
evaluation,評価（事後評価）,名詞,It's difficult to evaluate his ability.,彼の、能力を評価することは、難しい。
evolution,進化,名詞,The evolution of dinosaurs interests me greatly.,私は恐竜の進化にとても興味を持っている。
evolve,進化する； 発展する,動詞,The threat increases; a defence that doesn't evolve is meaningless.,脅威は変化し続ける、進化できない防御は意味がない。
exceed,超える,動詞,The length of the article is not to exceed 1000 words.,記事の長さは１０００語を超えてはならない。
exception,例外,名詞,We will make an exception of your case.,君の場合は例外としよう。
excess,過剰，過度の,名詞,The load of the truck was in excess of three tons.,そのトラックの積み荷は三トンを超えていた。
exclude,除外する,動詞,We cannot exclude feeling from our experience.,我々は経験から感情を閉め出すことはない。
executive,幹部,名詞,This was an executive decision.,これは経営者の決定だ。
exhibit,展示する；表す,動詞,They are going to exhibit many famous old paintings at the gallery.,その画廊では多くの古い名画を展示することになっている。
exhibition,展示；展覧会,名詞,You can see the large exhibition at the department store anytime.,デパートではいつでも大きな展覧会を見られる。
expand,拡大する,動詞,People want more money to expand educational institutions.,教育施設を拡充する金をもっと多くと望んでいる。
expansion,拡大,名詞,The expansion is aging.,拡大経済は老化している。
expenditure,支出；費用,名詞,We should strike a balance between our expenditure and income.,我々は出費と収入の間で均衡をはかるべきだ。
experiment,実験,名詞,We found the failure of the experiment at the last moment.,終わり際になってその実験は失敗であると気づいた。
experimental,実験的な,形容詞,There must be a defect in the experimental method.,実験方法に欠陥があるに違いない。
expert,専門家,名詞,The best thing to do is to ask an expert to repair it.,一番良いことは専門家にしてもらうことだ。
explore,探索する,動詞,We want to explore an underwater oil field.,海底油田の開発をしたい。
export,輸出する,動詞,We import raw materials and export the finished products.,我々は原材料を輸入して、製品を輸出している。
extension,時間延長,名詞,The extension of the summer vacation delighted the children.,夏休みが延びたので子供達は喜んだ。
extensive,広い,形容詞,The flood did the village extensive damage.,洪水が村に大きな被害を与えた。
extent,範囲；広がり,名詞,We often fail to realize the extent to which we depend on others.,我々はしばしば、どの程度まで他人に依存しているか、気づかないことがある。
external,外部の,形容詞,Save it on the external hard drive.,外付けのハードディスクに保存しといて。
extract,引き出す；抽出する,名詞,Oil is extracted from olives.,オリーブの実から油が取れます。
extraordinary,異常な,形容詞,The clumsy man envied her extraordinary talent.,その不器用な男は彼女の非凡な才能を羨んだ。
facility,施設,名詞,Meg has a facility for languages.,メグは語学の才能がある。
factor,要因,名詞,What factor contributed to the reaction?,どんな要素がその反応に貢献したのか。
factory,工場,名詞,Our factory needs a lot of machinery.,我々の工場にはたくさんの機械が必要だ。
fade,しぼむ；色あせる,動詞,Flowers soon fade when they have been cut.,花は切られるとすぐにしぼむ。
failure,失敗；落第；不足,名詞,Don't set your failure down to bad luck.,君は失敗を不運のせいにしてはいけない。
false,うその,限定詞,He gave the police a false name and address.,彼は警察に嘘の名前と住所を知らせた。
federal,連邦,形容詞,Please send this by Federal Express.,これをフェデラル・エクスプレスで送ってください。
fee,料金,名詞,Of course， neither goods nor mailing fee returned.,もちろん品も、そして郵送料すらも返ってこなかった。
festival,祭り,名詞,They helped one another to make the school festival a success.,学園祭を成功させるために彼らは互いに助け合った。
fiction,架空；フィクション,名詞,The fiction reduced girls to tears.,その小説を読んで少女達は涙を流した。
filter,ろ過器；フィルター，ろ過する；フィルターにかける,名詞,This store uses a water filter.,当店の水は浄水器を使用しています。
flexible,柔軟な,形容詞,You must be flexible in your thinking.,考え方は柔軟でなければならない。
focus,焦点,名詞,The environment was the focus of student council activities.,環境問題が私たちの学生評議会活動の中心だった。
forecast,予報,名詞,Unexpectedly the weather forecast came true yesterday.,意外にも、昨日は天気予報があたった。
formal,正装の,形容詞,I utterly despise formal writing!,堅い書き物は大嫌いだ。
format,体裁；形式,名詞,You mustn't format this floppy disk.,このフロッピーをフォーマットしてはいけません。
formation,形成,名詞,You should not format this diskette.,このフロッピーをフォーマットしてはいけません。
former,前の，前者,限定詞,Kyoto was the former capital of Japan.,京都は以前日本の首都でした。
formula,数式,名詞,First of all， learn the formula by heart.,まずは公式を暗記しなさい。
foundation,土台,名詞,Students have a holiday on Foundation Day.,学生は創立記念日で休みだ。
fragment,破片,名詞,The vase burst into fragments.,花瓶は粉々に砕けた。
framework,構成；構想,名詞,The framework of the new building is progressively appearing.,新しい建物の骨組みが徐々に姿を見せてきている。
frequency,頻度,名詞,The recent frequency of earthquakes makes us nervous.,近頃は地震が頻繁で不気味だ。
frequent,頻繁な,形容詞,The teacher was worried by Tom's frequent absence from class.,教師はトムのたび重なる欠席を心配した。
frequently,頻繁に,副詞,In music or speaking， a pause is frequently used for dramatic effect.,音楽でも演説でも、間合いはすばらしい効果をあげるものとしてしばしば利用される。
fuel,燃料,名詞,Don't shout at the crying child. It only adds fuel to the fire.,泣いている子を怒鳴るな。火に油だから。
fulfill,満たす；果たす,動詞,Try to fulfill your duty.,義務を果たすように努力しなさい。
function,機能,名詞,Some English adverbs function as adjectives.,英語の副詞の中には形容詞の役目をするものがある。
functional,機能的な,形容詞,Is this engine functional?,このエンジンは動くのですか。
fundamental,基本的な,形容詞,There is a fundamental difference between your opinion and mine.,君と私の意見には基本的な違いがある。
furthermore,さらに（最も改まった場面で）,副詞,They rob， and furthermore cheat each other.,彼らは互いに盗み合いをする、だまし合うくらいは、なおさらのことだ。
gallery,画廊,名詞,The New York Times reviews her gallery all the time.,ニューヨークタイムズは彼女のギャラリーにいつも取材にくるんだから。
gap,すきま；相違,名詞,The cat went through a gap in the fence.,ネコはへいの割れ目を通り抜けた。
gaze,凝視,名詞,Her cool gaze made my heart skip a beat.,彼女のクールな視線に、俺はドキッとした。
gender,性別,名詞,She wrote on gender bias in science.,彼女は科学における性的偏見について書いた。
gene,遺伝子,名詞,A great many people were opposed to gene therapy in terms of ethics.,たくさんの人々が倫理の面から遺伝子治療に反対した。
generate,生み出す,動詞,Nuclear power is used to generate electricity.,原子力が発電に使われている。
genetic,遺伝の,形容詞,There seems to be some genetic problem with this animal.,この動物には何か遺伝的な問題があるようだ。
genuine,本物の,形容詞,For years the picture passed as a genuine Rembrandt.,何年もの間その絵は本物のレンブラントとして通用していた。
gesture,身振り；ジェスチャー,名詞,The gesture fetched a laugh from the audience.,そのしぐさで観客は笑い出した。
global,世界的な,形容詞,We must look at the problem from a global point of view.,我々はその問題を世界的視野で見なければならない。
gradually,徐々に,副詞,The balloon descended gradually as the air came out.,空気が抜けるにつれて風船は徐々に降りてきた。
graduate,卒業する，卒業生，大学院の,形容詞,When did you graduate from Oxford?,オックスフォードをいつ卒業したか。
grain,粒；穀物,名詞,Rye was called the grain of poverty.,ライ麦は貧困の穀物と称されていた。
grateful,感謝している,形容詞,I am very grateful to you for your help.,私はあなたが手伝ってくれたことを感謝しています。
greet,挨拶する；出迎える,動詞,When the visitor entered the room， we stood to greet him.,客が入室してきた時、私達は立ちあがってあいさつをした。
guideline,指針,名詞,Please follow the guidelines.,ガイドラインに従ってください。
guitar,ギター,名詞,You play the guitar quite like a professional， don't you?,君にギターは本調子だね。
harbor,港,名詞,The harbor is closed to navigation.,その港は船の航行が止められている。
hence,それ故,副詞,Hence， I shall have to stay here.,それゆえここにとどまらざるを得ないだろう。
highlight,見所；ハイライト，強調する,名詞,Read the highlighted line out loud.,マーカー部分を声に出して読みなさい。
hint,ほのめかす，ヒント,動詞,There was a hint of fall in the air.,秋の気配が感じられた。
host,主人，開催する,名詞,My host family often advises me.,ホストファミリーはよく助言してくれます。
household,家庭 ; 世帯,名詞,More and more married couples share household chores.,家事を分担する夫婦がますますふえています。
humor,ユーモア,名詞,Your sense of humor is beginning to exert itself.,君のユーモアのセンスが働き始めている。
hypothesis,仮説,名詞 ,The hypothesis is based on the thorough experiments.,その仮説は徹底的な実験に基づいている。
immigrant,移民,名詞,Immigrants streamed into the land.,移民は流れを成してその国に入った。
implement,実行する,名詞,These implements are in common use.,これらの道具は一般に用いられている。
implementation,履行；実施,名詞,These implements are in common use.,これらの道具は一般に用いられている。
implication,含意,名詞,What was the implication of his remark?,彼の発言は含みとして何を言いたかったのですか。
imply,暗に意味する,動詞,Are you implying something?,何か意味があるのですか。
import,輸入する，輸入,動詞,Proponents of increased import duties are at odds with each other.,関税引き上げの提案国はお互いに反目しています。
importance,重要性,名詞,Despite the importance of sleep， its purpose is a mystery.,睡眠は重要であるにもかかわらず、その役割は謎である。
impose,課す；強いる,動詞,The U. N. moved to impose sanctions.,国連は制裁を加えるために動き出しました。
impression,印象,名詞,Mr. Satoyama's work made a big impression in the world of haiku.,サトヤマ先生の作品が俳壇に強烈なパンチを与えた。
incentive,刺激；動因,名詞,We lack an incentive for pursuing the eastern market.,我々は東部市場を開拓しようと言う気持ちが欠けている。
incident,事件,名詞,This was third school shooting incident in six months.,学校での銃乱射事件はこの半年で３回目だ。
incorporate,合併する；組み込む；法人組織化する,動詞,Her business was incorporated.,彼女の事業は会社の組織になった。
independence,独立,名詞,The colony declared independence and became a republic.,その植民地は独立を宣言し、共和国となった。
independent,独立した,形容詞,Certainly he is independent of him.,確かに彼は両親から独立している。
index,索引；目録；指針,名詞,The stock price index was off 200 points yesterday.,株価指数は昨日２００ポイント下げた。
infant,幼児,名詞,The infant has been exposed to radioactive rays.,その幼児は放射線にさらされていた。
infection,感染症,名詞,I had a bladder infection last month.,先月膀胱炎にかかりました。
inflation,インフレーション ；膨張,名詞,The inflation issue split the party.,インフレ問題が党を分裂させた。
initial,最初の，頭文字,形容詞,The initial symptoms of the disease are fever and sore throat.,その病気の初期症状は高熱とのどの痛みです。
initially,初めは,副詞,How did you meet Tom initially?,トムとはどうやって知り合ったの？
initiative,構想；戦略,名詞,The city took the initiative in the pollution suit.,市当局は公害訴訟で主導権をとった。
innovation,革新,名詞,A company that stifles innovation can't hope to grow very much.,出る杭が打たれる会社じゃ、大きな成長は望めないね。
input,入力；インプット,動詞,Please input your PIN number.,暗証番号を押してください。
inquiry,問い合わせ；質問；調査,名詞,We have just received an inquiry from Kansas concerning your brother.,ご兄弟のことはカンザス州から問い合わせを受けたばかりです。
insight,洞察,名詞,This poem calls for great insight from the reader.,この詩は読者の大いなる洞察を必要としている。
inspire,刺激を与える；触発する,動詞,Asian religions inspire him to create splendid sculptures.,アジアの宗教から閃きを得て、彼は複数の素晴らしい彫刻を生み出した。
install,導入する；設置する；インストールする,動詞,The man tried to install his own antenna.,その男はアンテナを取り付けようとした。
institution,機関; 施設,名詞,The institution must be protected.,その習慣は守らなくてはならない。
institutional,制度の,形容詞,The institution must be protected.,その習慣は守らなくてはならない。
integrate,統合する,動詞,school is an integrated junior high and high school.,その学校は、中・高一貫校だ
intellectual,知的な,名詞,Chess is a highly intellectual game.,チェスはとても知的なゲームです。
intelligence,知能,名詞,This boy's intelligence is above average.,この子の知能は平均以上だ。
interaction,相互作用；交流,名詞,Then interaction with others becomes important.,そこで他人との相互作用が大切になる。
interior,内部；室内；インテリア,形容詞,The interior of the house was very attractive.,その家の内部はとても魅力的だった。
internal,内部の,形容詞,The stomach is one of the internal organs.,胃は内臓の一つである。
international,国際的な,形容詞,Our club is affiliated with an international organization.,我々のクラブは国際的な組織に加入した。
interpret,通訳する,動詞,How do you interpret these sentences?,この文章をどう解釈しますか。
interpretation,解釈,名詞,The interpretation of this data， however， is very much in dispute.,しかしながら、これらのデータの解釈は大いに議論の対象となっている。
intervention,介入；仲裁,名詞,The teacher's intervention stopped the children's teasing.,先生の仲裁によって子どもたちのいじめはなくなった。
invent,発明する,動詞,If God did not exist， it would be necessary to invent him.,もしも神が存在しないのならば、神を造り出す必要があろう。
invest,投資する,動詞,Our advice is that the company invest in new equipment.,会社は新しい設備に投資すべきだというのが私たちの助言です。
investment,投資,名詞,Education is an investment in the future.,教育は未来への投資である。
investor,投資家,名詞,The big investor bought up the stocks.,大投資かは株を買い占めた。
isolate,隔離する；孤立させる,動詞,I felt isolated.,私は孤独を感じた。
jail,刑務所,名詞,The judge sentenced him to a jail term of five years.,裁判官は彼に五年の懲役刑を宣告した。
joint,継ぎ目,名詞,They came to terms with each other on how to start a joint venture.,共同事業の始め方について彼らは互いに話し合いがついた。
journal,新聞；雑誌；定期刊行物,名詞,This technical journal is above me.,この専門紙は私には理解できない。
journalist,ジャーナリスト,名詞,The journalist was too upset to distinguish vice from virtue.,記者はひどく狼狽していたので善悪の区別ができなかった。
jury,陪審；審査員,名詞,The jury were asked to allow for the age of the accused.,陪審員たちは被告の年齢を考慮するよう求められた。
justify,正当化する,動詞,Can you justify the use of violence?,君は暴力行使を正当化することができますか。
label,ラベル，ラベルをつける；名前をつける,名詞,Attach this label to your package.,荷物にこの荷札を付けてください。
landscape,風景,名詞,Survey the landscape below.,眼下の景色を見る。
latter,後の，後者,限定詞,The latter half of the drama was a little dull.,その芝居の後半は少し退屈だった。
laughter,笑い,名詞,The boy was not humiliated by the laughter of his classmates.,その子は級友たちに笑われても動じなかった。
launch,始める；発射する,動詞,The general decided to launch an offensive against the enemy camp.,大将は敵陣に攻撃をかける決断を下した。
layer,層,名詞,We should do more to protect the ozone layer from further damage.,オゾン層をこれ以上の破壊から守るために私たちはもっと多くのことをすべきだ。
leather,革；革製品,名詞,Good leather will wear for years.,良い革は何年ももつ。
lecture,講演する，講演,名詞,The professor gave a lecture on the Middle East.,教授は中東問題について講義をした。
legislation,法律制定,名詞,Existing legislation does not take diversity of races into account.,現行の法律は人種の多様性を考慮していない。
liability,責任；負債,名詞,liablity claim,賠償請求
liberal,自由主義の,形容詞,Mr. White is a liberal politician.,ホワイト氏は進歩的な政治家だ。
link,つなぐ；連結する，輪,動詞,Is there a link between smoking and lung cancer?,喫煙と肺ガンには関連があるのでしょうか？
liquid,液体,名詞,The hair-dressing liquid gave off a strong smell.,その整髪料は強いにおいを発した。
literally,文字通り,副詞,The poor dog was literally torn apart by the lion.,かわいそうにその犬は文字通りライオンに引き裂かれてしまった。
literary,文学の,形容詞,A criticism of literary works this year is in the paper.,新聞に今年の文学作品に対する論評が載っている。
literature,文学；文献,名詞,I am not as interested in literature as you.,私は君ほど文学に興味はない。
logic,論理,名詞,Above all， logic requires precise definitions.,とりわけ、論理学には正確な定義が要求される。
luxury,豪華さ；贅沢品,名詞,Taking a taxi is a luxury for me.,タクシーに乗るのは私には贅沢だ。
majority,大多数,名詞,The bill passed by a small majority of 10 votes.,議案は１０票の小差で通過した。
manufacture,製造，製造する,動詞,You'll have to manufacture some kind of excuse.,君はなんらかの口実をつくらなければならない。
manufacturer,製造業者；メーカー,名詞,The manufacturer of the medicine is a Japanese company.,その薬を作っているのは日本の企業である。
margin,余白；縁；限界；利益,名詞,We left a margin for error in our estimates.,我々は誤差を見込んで余裕をとっておいた。
mature,成熟した,形容詞,After mature reflection， I've decided to accept their offer.,よく考えた後で彼らの申し出に応じることにした。
mayor,市長,名詞,The mayor is sensitive to the way his programs have been criticized.,その市長は自分の計画がどう批判されるかに敏感である。
meanwhile,その間に；一方では,副詞,Meanwhile， night had fallen.,そうこうしているうちに、夜になってしまった。
mechanism,機構；メカニズム,名詞,Its mechanism will cease to work.,その機能は働かなくなるだろう。
medium,中間；媒体；手段；マスコミ機関,名詞,The air is a medium for sound.,空気は音の媒体だ。
menu,メニュー,名詞,Can I have the menu again， please?,もう一度メニューを見せていただけますか。
mere,単なる,形容詞,You are no longer a mere child.,君はもはや子供なんかではない。
merely,単に,副詞,Instead she merely looked surprised and - could it be - amused.,ところが彼女はただ驚いたような顔を見せただけで、むしろ面白がっている風であった。
method,方法,名詞,Your method of teaching English is absurd.,君の英語の教え方はばかげている。
minimum,最小限,名詞,The job will take a minimum of ten days.,その仕事は最小限１０日はかかるだろう。
mixture,混合,名詞,Every opinion is a mixture of truth and mistakes.,どんな意見も真実と誤りの混合だ。
mobile,動き回れる，動きやすい,形容詞,This type of mobile phone sells well.,この型の携帯電話はよく売れています。
mode,状態；方法,名詞,The author's mode of expression is very concise.,その作家の表現方法はとても簡潔だ。
moderate,適度の,形容詞,Don't go to extremes. To be moderate is important in anything.,極端に走ってはいけない。適度であることは何事においても大切である。
modify,変更する,動詞,You'll have to modify the height of the table to make it fit.,合うようにテーブルの高さを修正しなければならない。
module,モジュール,名詞,With this module you can make the Enter key generate an event.,このモジュールを使用すると、エンターキーでイベントを生成することができます。
monitor,モニター,名詞,A satellite was launched into orbit to monitor melting glaciers.,溶け続ける氷河を監視するために、人工衛星が軌道に打ち上げられた。
moral,道徳；モラル,形容詞,We will give them moral support.,我々は彼らに精神的な支援を与えよう。
moreover,さらに（改まった場面で）,副詞,It was cold that day， and moreover it began to rain.,その日は寒く、おまけに雨まで降ってきた。
mortgage,抵当；住宅ローン,名詞,The bank holds a mortgage on his building.,銀行は彼のビルを抵当に取っている。
motion,動き,名詞,Tom made a motion that the class should have a party.,トムはクラスが会をするべきだとの動議を出した。
motivate,やる気にさせる,動詞,The teachers are trying to motivate their students.,教師達は生徒にやる気を起こさせるように努力している。
motivation,動機；モチベーション,名詞,Can you give motivation to people using the carrot and the stick?,「アメとムチ」で人をやる気にさせることができるのか？
multiple,複数の,形容詞,There was a multiple collision on the highway.,高速道路では多数の衝突があった。
museum,博物館,名詞,I would often visit the museum when I lived in Kyoto.,京都に住んでいる頃、よくその美術館に行った。
mutual,互いの; 交互の,形容詞,Discussion is based upon mutual respect.,議論は相互の尊敬の念に基づいている。
narrative,物語,名詞,That is not what the narrative is about.,それはその物語の述べるところではない。
negative,否定の；後ろ向きの，否定；拒否,形容詞,Some people argue that technology has negative effects.,科学技術にはマイナスの影響があると主張する者もいる。
neglect,無視する；怠る,動詞,You must account for your neglect of duty.,君は職務怠慢の申し開きをしなければならない。
negotiate,交渉する,動詞,We delegated him to negotiate with them.,我々は彼を彼らと交渉する代表にたてた。
negotiation,交渉,名詞,Far from being a failure， our negotiation was a great success.,我々の交渉は失敗どころか、大成功だった。
net,網；ネット,名詞,I cast my net into the sea.,海に縄を投げ入れた。
network,ネットワーク；網,名詞,A network of railroads soon spread over the entire country.,まもなく鉄道網が全国に広がった。
nevertheless,それにもかかわらず,副詞,It's just five in the morning， but nevertheless it is light out.,朝の４時４５分だというのに明るい。
notion,概念（個人的な）,名詞,I had no notion that you were coming.,君がくるとは思わなかった。
novel,小説,名詞,A novel idea occurred to me.,奇抜な考えがふと心に浮かんだ。
nuclear,核の；原子力の,形容詞,Nuclear power plants are dangerous， not to mention nuclear weapons.,核兵器は言うまでもなく、原子力発電所も危険である。
numerous,多くの,形容詞,We have made numerous improvements to our house since we bought it.,家を購入してからいろいろ手直しをしてきた。
objective,目標（ビジネス）,名詞,From an objective viewpoint， his argument was far from rational.,客観的に見て、彼の主張は全く理にかなっていなかった。
obligation,義務,名詞,You have no obligation to help us.,あなたは我々を援助する必要はない。
occupy,占める,動詞,Smokers are asked to occupy the rear seats.,たばこをお吸いの方は後部座席にお坐り下さい。
ocean,海,名詞,My eyes are an ocean in which my dreams are reflected.,私の目は夢を反映する海である。
offense,犯罪；攻撃,名詞,No offense was meant.,悪気はなかったのです。
opera,オペラ ,名詞,This is an opera in five acts.,この歌劇は５幕ものです。
opponent,対戦相手；反対者,名詞,Mickey Conners made mincemeat of his opponent in the ring.,ミッキー・コナーズは相手をいとも簡単に料理したわね。
organic,有機体の；オーガニック,形容詞,She majors in organic chemistry.,彼女は有機化学を専攻している。
origin,起源,名詞,The origin of the fire is unknown.,火元は明らかでない。
outcome,（最終的に生じた）結果,名詞,The candidate was disappointed at the outcome of the election.,その立候補者は選挙の結果に落胆した。
outline,概要，概要を述べる,動詞,First， I'm going to do an outline of my new website.,まず新しいサイトの概説をしようと思う。
output,生産；出力,名詞,The output of this factory has increased by 20%.,この工場の生産高は２０％増加している。
overall,全部の；総合的な，全体として,形容詞,The overall output was tons.,全生産高はＸトンであった。
overcome,克服する,動詞,You have to overcome the difficulties.,君はその困難を克服しなければならない。
overseas,海外；海外の,副詞,Many young Japanese travel overseas these days.,近頃は海外旅行を経験する若い日本人が増えた。
pace,ペース；一歩；速度,名詞,We have not kept pace with the latest research.,我々は最近の研究に遅れをとっている。
pale,青白い；淡い,形容詞,You look pale today.,君今日は顔色が悪いよ。
panel,パネル；委員会,名詞,We understand that the Woody Panel retails for $80.,Ｗｏｏｄｙ　Ｐａｎｅｌの市価が８０＄だということは知っています。
paragraph,段落,名詞,The paragraph emphasises the message.,そのパラグラフは内容を重視しています。
parallel,平行な，平行線,形容詞,The road is parallel to the river.,その道路は川と並行している。
participant,参加者,名詞,He was a neutral participant at the discussion.,彼は話し合いでは中立の立場をとった。
participate,参加する,動詞,Please give us a call now if you want to participate in the workshop!,この講習会に参加をご希望のかたは、今すぐお電話ください。
participation,参加,名詞,The company is open for equity participation by anybody.,その会社には誰でも資本参加できる。
passage,通路；通過 ,名詞,We found a secret passage into the building.,我々はその建物への秘密の通路を発見した。
passenger,乗客,名詞,A passenger fainted， but the stewardess brought him round.,一人の乗客が気を失ったが、スチュワーデスが彼を正気づかせた。
passion,情熱,名詞,You really have a passion for food.,君は食べ物に目がないね。
peak,頂点に達する,名詞,The peak rises above the clouds.,山頂が雲の上にそびえている。
peer,対等者；同級生；貴族,名詞,He was created a peer.,貴族に列せられた。
penalty,罰,名詞,The penalty for spitting is five pounds.,つばをはいた罰金は５ポンドです。
perceive,知覚する；気づく,動詞,I perceive by your face that you have good news.,あなたの表情から良い知らせがあるとすぐ分かります。
perception,知覚；認知,名詞,I'm afraid my depth perception is very poor.,遠近感がとぼしいのです。
permanent,永続的な,形容詞,Please give me your permanent address.,君の連絡先住所を教えてください。
permission,許可,名詞,You need your parents' permission if you are going to apply for that.,もしそれに申し込むなら親の許可がいる。
permit,許可する,動詞,The landlord won't permit him to paint the door red.,家主は彼がドアを赤く塗ることを許してくれない。
personality,個性；性格,名詞,Mary has as attractive a personality as her sister.,メアリーは、姉さんと同じように魅力的な人柄の持ち主である。
personnel,人事部；人員,名詞,I will not be dictated to by some idiot in the personnel department.,俺は人事課の馬鹿野郎にあごで指図されるつもりはない。
perspective,視点；遠近法,名詞,You should always keep a broad perspective on the work you do.,いつもワイドな視野を持って、仕事をしなさい。
persuade,説得する,動詞,It is no use your trying to persuade him.,君が彼を説得しようとしても無駄である。
phase,段階,名詞,We are entering a new phase in the war.,我々は戦争の新しい段階に突入しつつある。
phenomenon,現象,名詞,The phenomenon of interest is in itself， a most interesting subject.,興味という現象はそれ自体、きわめて興味深い問題である。
philosophy,哲学,名詞,Your philosophy of life varies from mine.,君の人生観は僕のと違っているね。
phrase,言い回し；語句,名詞,The phrase is meant to insult people.,その文句は、人を侮辱するためのものだ。
pilot,飛行士；パイロット，操縦する；導く,名詞,A moment's hesitation may cost a pilot his life.,一瞬躊躇すればパイロットは命も落としかねない。
platform,プラットフォーム；台,名詞,Which is the platform for the London train?,ロンドン行きの列車のプラットホームはどちらですか。
plot,企み；陰謀，たくらむ,動詞,Their plot to start a fire was discovered by the police.,火事を起こすという彼らの陰謀は警察に発見された。
poll,投票；世論調査,名詞,The opinion poll was based on a random sample of adults.,その世論調査は無作為に選ばれた成人に基づいてなされた。
portion,（全体から分割された）部分,名詞,Tom got a small portion of pie.,トムはパイを少しもらった。
portrait,肖像,名詞,Bob mounted the portrait in a fancy frame， but it was upside down.,ボブは装飾された額にその肖像画を収めたけれど、上下さかさまだった。
pose,姿勢；ポーズ，ポーズをとる,動詞,Examinations pose a big problem.,試験は大きな問題を提起する。
potential,可能性，潜在的な,形容詞,Education aims to develop potential abilities.,教育は潜在する能力の開発をめざすものだ。
potentially,潜在的に,副詞,Our words are potentially ambiguous.,私たちの話す言葉は潜在的にあいまいである。
poverty,貧困,名詞,No poverty can catch up with industry.,稼ぐに追いつく貧乏なし。
praise,称賛，称賛する,動詞,Why do American parents praise their children?,なぜアメリカ人の両親は自分の子供を誉めるのか。
precise,精密な；正確な,形容詞,Above all， logic requires precise definitions.,とりわけ、論理学には正確な定義が要求される。
precisely,正確に,副詞,But the person in charge is there precisely to take responsibility.,責任者は責任を取る為にいるんですもの。
predict,予測する,動詞,We cannot really predict anything.,我々は本当に何も予言できはしない。
premise,前提；土地；建物,名詞,You ought to think over whether the premise is valid or not.,その前提が妥当かどうかよく考えるべきだ。
presence,出席,名詞,He was still as still in the presence of danger.,危険に直面しても彼は全く冷静であった。
preserve,保存する,動詞,We must preserve our peaceful constitution.,我々は平和憲法を守らなければならない。
primarily,主に,副詞,This dictionary is primarily intended for high school students.,この辞書は高校生を対象としたものです。
primary,主要な；第一位の,形容詞,The primary aim of science is to find truth， new truth.,科学の第一の目的は、心理を、新しい真理を発見することである。
principal,主要な,形容詞,Mr Hunt is principal of our school.,ハント先生が私たちの学校の校長だ。
principle,原理；原則,名詞,What is the principle reason for going to school?,学校に行く主な理由は何ですか。
prior,前の; 優先する,形容詞,This happened prior to receiving your letter.,君の手紙を受け取る前にこの事は起こった。
priority,優先順位,名詞,This duty has priority over all others.,この任務はすべての任務に優先する。
privilege,特権；特典,名詞,We give foreign tourists the privilege of tax exemption.,外国人旅行者には免税の特権がある。
prize,賞品,名詞,They awarded her first prize at the flower show.,花の展示会で、彼らは彼女に１等賞を与えた。
procedure,手順,名詞,What is the procedure for getting a visa?,ビザを入手する手続きはどうしたらいいですか。
proceed,続ける；実施する,動詞,Let's proceed with the items on the agenda.,議題に上っている項目（の議論）を続けましょう。
profile,紹介；プロフィール，概略を書く；人物評を書く,名詞,The paper published a profile of its new editor.,その新聞は新しい主筆のプロフィールを載せた。
profit,利益を得る,動詞,We shared the profit among us all.,我々は全員で利益を分け合った。
promote,推進する；促進する；奨励する,動詞,We must promote commerce with neighboring countries.,我が国は近隣諸国との貿易を促進せねばならない。
promotion,促進；販売促進,名詞,Science and art must contribute to the promotion of human welfare.,科学と芸術は人類の幸福の増進に貢献しなければならない。
prompt,刺激する；促す，刺激；促進,動詞,Your prompt reply is urgently required.,あなたの迅速な返事が是非とも必要です。
proof,証拠；証明,名詞,We have absolute proof that smoking is bad for your health.,喫煙が健康に悪いと言う確固たる証拠がある。
proportion,割合,名詞,You will progress in proportion to your abilities.,君は能力にしたがって上達する。
prospect,見込み；可能性,名詞,The prospect of famine hangs over many areas of the world.,飢饉の見通しが世界の多くの地域に迫っている。
protein,タンパク質,名詞,Are eggs a good source of protein?,卵にはタンパク質が豊富に含まれているんですか？
province,州；省；領域,名詞,The province supplies its neighbors with various raw materials.,その州は周辺にさまざまな原料を供給している。
provision,規定；条項；条件,名詞,There was a provision in his will for his mistress.,彼の遺言書には愛人を相続人とした条項が存在する。
psychological,心理的な,形容詞,It is the psychological moment to let the cat out of the bag.,秘密をばくろするのは、心理的に最も効果のある時である。
publication,発表；出版,名詞,Publication of this month's issue will probably be delayed one week.,今月号の発行は１週間遅れるだろう。
publisher,出版社,名詞,The editor and the publisher are both my cousins.,その編集者と発行者はふたりとも私のいとこです。
pupil,児童；生徒,名詞,A teacher should never make fun of a pupil who makes a mistake.,教師は、間違いをする生徒を決してからかってはならない。
pursue,追求する,動詞,Students often pursue their teacher with questions.,学生はしばしば先生を質問攻めにする。
quantity,量,名詞,In general， consumers prefer quantity to quality.,一般的に、消費者は質よりも量を選ぶ。
racial,人種の,形容詞,We shall continue our efforts to eradicate racial discrimination.,我々は人種差別を完全に無くす努力を必ず続けて行く。
radical,抜本的な；急進的な,形容詞,His argument is more radical than yours.,君の議論に比べて彼の議論はもっと急進的だ。
rail,鉄道；レール,名詞,The cost of the air fare is higher than of the rail fare.,航空料金の方が鉄道料金より高い。
random,無作為の,形容詞,The opinion poll was based on a random sample of adults.,その世論調査は無作為に選ばれた成人に基づいてなされた。
rank,階級；地位，順位付けする,動詞,The hierarchy of rank has long been fixed.,階級組織は長い間固定されてきた。
ratio,比率,名詞,golden ratio,黄金比
raw,生の；未加工の,形容詞,Can you eat raw oysters?,君は生のカキは食べれますか。
rear,育てる,動詞,I rear cattle.,家畜を飼育する。
recognition,認識,名詞,I was surprised at her immediate recognition of me.,私であることが彼女にすぐに分かったのには驚いた。
recruit,採用する；募集する，新入社員,動詞,Hey， the new recruit this time seems really cute.,おい、今度の新人かわいいらしいぜ。
reflect,反映する；反射する,動詞,Please change your database to reflect the new address as follows.,貴社のデータベースにある私どもの住所を、下記新住所に変更してください。
reflection,反射；反響,名詞,A week's reflection led to a new plan.,一週間熟考した末に新しい計画を考えついた。
reform,改革する，改革；改良,動詞,We should reform this law.,この法律は改正すべきだ。
refugee,難民,名詞,The refugee crossed the line safely.,亡命者は無事に国境を越えた。
regret,後悔する，後悔,動詞,Sooner or later， you will regret your idleness.,君は遅かれ早かれ怠けていたことを後悔するよ。
regulate,規制する,動詞,Traffic lights are used to regulate traffic.,交通信号は交通の流れを規制するために使われている。
regulation,規制,名詞,The regulation was abolished， but then it was reenacted.,その規則は廃止されたが、しかしまた制定された。
reject,拒否する,動詞,I do not want to reject this claim.,この訴えを退けたくはない。
relative,親戚,名詞,Supply is relative to demand.,供給は需要に比例する。
relatively,比較的に；相対的に,副詞,The region is relatively rich in mineral resources.,その地域は鉱物資源が比較的豊かだ。
relevant,関連した,形容詞,Your question is not relevant to the subject.,君の質問は当面の話題とは関係がない。
religion,宗教,名詞,What religion do you believe in?,どんな宗教をあなたは信じていますか。
religious,宗教的な,形容詞,Full religious freedom is assured to all people.,完全な宗教の自由が万人に保証されている。
remote,（都会や文明から）遠い,形容詞,Living as I do in a remote village， I seldom have visitors.,なにぶんこんな辺ぴな村に住んでいるので、めったに客は来ない。
reputation,評判,名詞,In any industry a reputation can make or break people.,どんな業界でも評判次第で人は成功もすれば、失敗もします。
request,依頼する，依頼,動詞,You should have refused his request flatly.,君は断固として彼の要求を拒絶すべきであった。
rescue,救助する，救助,動詞,Try to hold on until a rescue team arrives.,救助隊がくるまで頑張りなさい。
resident,居住している，住民,形容詞,"What does ""resident alien"" mean?",「居住外国人」とは、どういう意味ですか。
resign,辞任する,動詞,The minister was obliged to resign from the Cabinet.,その大臣は内閣からの辞職を余儀なくされた。
resolution,解決；決議；分解,名詞,A watered down compromise resolution is better than none at all.,たとえ条件付きの妥協策だとしても、何も決めないよりはましだ。
resolve,（主観的に）解決する,動詞,The doctor's warning stiffened my resolve to stop drinking.,医師の警告で禁酒の決意が固くなった。
resort,リゾート地,名詞,You should not resort to drinking.,君は酒に頼るべきではない。
resource,資源,名詞,The one resource more precious than any other was land.,何よりも貴重な唯一の資源は土地であった。
respectively,それぞれ,副詞,Taro and Jiro studied abroad for 2 years and 4 years， respectively.,太郎は２年間の留学経験、次郎には４年間の留学経験がある
respond,返事する；反応する,動詞,Our bodies respond to our feelings.,我々のからだは感情に反応する。
response,返答；反応,名詞,The candidate made a quick response to the criticism.,候補者はその批判に対して直ちに回答をした。
restore,回復する,動詞,How on earth can we restore our youth?,一体どうしたら若さが取り戻せるのだろう。
restrict,制限する,動詞,There is a plan to restrict the use of cars in the city center.,市内での車の使用を規制する計画がある。
restriction,制限,名詞,They decided to abolish the old restriction.,彼らは古い規制を廃止することを決めた。
retail,小売,形容詞,The small retail outlet is only a front for a much larger entity.,あの小売店のバックにはもっと大きな会社がひかえています。
retain,保持する,動詞,If you use a computer， you can retain information.,コンピューターを使えば情報を保持することができる。
reveal,暴露，明らかにする,動詞,It is not ethical for a doctor to reveal confidences.,医師が患者の秘密を漏らすのは道義にもとる。
revenue,収入,名詞,A budget deficit will occur because of a revenue shortfall.,赤字が発生するのは歳入不足の結果です。
reverse,逆，反対の，逆転する,動詞,You need to reverse your vest， it's back to front.,ベストを裏返さなくちゃ。表裏逆ですよ。
review,批評，批評する,動詞,Did you try to review the English lessons?,君は英語の復習をしようとしましたか。
revise,改訂する；復習する,動詞,In the light of what you told us， I think we should revise our plan.,君の話から考えて、我々の計画は練り直すべきだと思う。
revolution,革命；回転数,名詞,The revolution ushered in a new era.,革命は新たな時代をもたらした。
reward,報酬，報いる,動詞,You'll get a reward for your cooperation.,協力者に対しては賞金が出ます。
rival,ライバル,形容詞,We had been rival lovers at one time.,我々はかつて、恋敵だった。
romantic,ロマンチックな,形容詞,I went to the South Pacific for a summer of romantic adventure.,一夏のアバンチュールを求めて南の島へ行きました。
route,道,名詞,May I have a bus route map?,路線地図をもらえますか。
routine,日課，いつもの,名詞,I follow my routine every day.,毎日、決まりきったことをしている。
rural,田舎の；農村の,形容詞,We spent our holiday exploring rural France.,私たちはフランスの田舎を探索して休日をすごした。
sample,見本；サンプル,動詞,The doctor analyzed the blood sample for anemia.,医者は貧血の検査をするためサンプルを分析した。
sanction,認可；制裁,名詞,That requires the sanction of the government.,それは政府の認可が必要です。
satisfaction,満足,名詞,It would be a satisfaction to me.,そうしてもらったら私は満足だ。
scan,詳しく調べる；ざっと目を通す；スキャンする,動詞,He quickly scanned my manuscript.,彼は私の原稿にざっと目を通してくれた。
scheme,計画；構想,名詞,Your scheme is like a house built on the sand.,君の計画は砂上の楼閣に過ぎないよ。
scholar,学者,名詞,Alfred， King of England， was a great scholar as well as a great ruler.,英国王アルフレッドは、偉大な統治者であるとともに偉大な学者であった。
scope,範囲，詳しく調べる,名詞,Their scope and shape is unclear.,それらの範囲や形は不明確である。
secretary,秘書；大臣；長官,名詞,The secretary is good at English in addition to being beautiful.,その秘書は美人の上に英語が得意だ。
sector,部門,名詞,The manufacturing sector is a frenzy over the new monetary policy.,製造部門は新しい金融政策に動揺しています。
segment,部分（ビジネス）,名詞,Many firms are competing for the wealthier segment of the market.,多くの会社が市場の金持ち層を獲得しようと競争している。
sensitive,敏感な；繊細な,形容詞,You are too sensitive to criticism.,君は批判を気にしすぎる。
sequence,連続,名詞,A miserable sequence of defeats discouraged us.,みじめな連敗で我々は意気消沈した。
session,開催；時間；集会；セッション,名詞,The session will be prolonged again.,会期は又延長されるであろう。
severe,厳しい,形容詞,Mr Yoshida is too severe with his children.,吉田さんは子供に対して厳格すぎる。
sigh,ため息，ため息をつく,動詞,Once outside， I gave a deep sigh of relief.,外へ出ると、私は深深と安堵のため息をついた。
significance,意義,名詞,Your thoughts are of no significance at all.,君の考えなどはどうだっていいことだ。
significant,重要な,形容詞,But the benefits are significant at all ages.,しかし、その利点は、あらゆる年齢層で大きな意味を持っているのである。
significantly,著しく,副詞,Her English improved significantly.,彼女は急速に英語力が伸びた。
silent,静かな,形容詞,Students must keep silent during class.,学生は授業中、静かにしていなければならない。
slice,一切れ；薄片,名詞,Please slice a loaf of bread for me.,パンは切ってください。
slope,傾斜,名詞,One night a merchant was walking up the slope on his way home.,ある晩、ひとりの商人が帰り道にその坂を登っていた。
solution,解決策; 解答,名詞,Finding a solution that worked was a process of trial and error.,解決策が功を奏したのは試行錯誤の結果だった。
solve,（客観的に）解決する,動詞,You are too clever not to solve the hard problem.,君は頭がよいからその難問も解けないはずはない。
source,源,名詞,What is your greatest source of inspiration?,あなたにとってひらめきの最大の源は何？
specify,指定する,動詞,He didn't specify when he would return.,彼はいつ帰るかはっきり言わなかった。
sponsor,出資者；スポンサー，スポンサーになる ,動詞,My sponsor was willing to agree to my suggestion.,私の後援者は喜んで私の提案に同意してくれた。
stain,染み；汚点，染める；汚す,動詞,Your collar has a stain on it.,君のカラーにはしみがついている。
stake,賭け金，賞金；利害関係，賭ける,動詞,We have a substantial stake in the venture.,我々は、その事業にかなりの金をつぎ込んでいる。
statistic,統計値,名詞,Statistics don't always tell the whole story.,統計はすべてを物語るとは限らない。
status,社会的地位,名詞,The status of the project is as follows.,プロジェクトの経過は下記の通りです。
stem,幹，起因する；食い止める,名詞,Scientists are fighting to stem the spread of the AIDS virus.,科学者たちはエイズ・ウイルスの拡散をくい止めようと戦っています。
stimulate,刺激する,動詞,This is moderately spicy， but it does stimulate the appetite.,この程よい辛さが、食欲を掻き立てる。
strain,こす；ろ過する,動詞,The strain has begun to tell on his health.,過労が彼の健康にこたえ始めた。
strategy,戦略,名詞,Our diplomacy and strategy ran in clear contradiction to each other.,我々の外交と戦略はあきらかに矛盾していた。
strict,厳格な,形容詞,The doctor ordered her to go on a strict diet.,医者は彼女に厳しい規定食を勧めた。
structural,構造の,形容詞,The structural formula for water is H-O-H.,水の構造式は H-O-H である。
structure,構造；組み立て,名詞,The scientist gave a lecture on the structure of the universe.,その科学者は宇宙の構造について講義をした。
studio,スタジオ,名詞,My sister is old enough to go to a workout studio by herself.,妹は一人でエアロビクスクラスに行ける年齢だ。
submit,提出する,動詞,Applicants were requested to submit their resumes.,応募者は彼らの履歴書を提出するように求められた。
subsequent,次の; 後の,形容詞,I want quick action subsequent to the decision.,決定の後すみやかに実行に移して欲しい。
subsequently,後で,副詞,He bought a sandwich and subsequently won the lottery.,彼はサンドウィッチを買った。その次に宝くじに当たった。
substance,実体；実質；内容,名詞,The substance is light enough to float on the water.,その物質は水に浮かぶほど軽い。
substantial,かなりの; 実質的な,形容詞,Thanks to the opportunity， we were able to avoid substantial effort.,この機会のおかげで私たちは大いに手間暇が省ける。
substitute,代わり，代用する：置き換える,名詞,It's a word I'd like to find a substitute for.,これは代わりになるものをみつけたい単語だ。
succeed,成功する,動詞,You are sure to succeed in time.,君はそのうち必ず成功する。
sufficient,十分な,形容詞,To begin with， the funds are not sufficient for running a grocery.,まず第一に、雑貨店を運営するには資金が不十分だ。
sum,合計,名詞,Please sum up your idea.,君の考えを要約して下さい。
summarize,要約する,動詞,Now please summarize the main points in your notebook.,それでは要点をノートにまとめてください。
summary,要約,名詞,Your summary is not up to par.,君の要約は平均以下だね。
supplement,補足，補う,名詞,You had better supplement your diet with vitamins.,あなたの食事にはビタミンを補うほうがよい。
surgery,手術,名詞,Please go to the Surgery Department.,外科へ行ってください。
survey,調査する,動詞,The results of the survey will be announced in due course.,その統計の結果はそのうちに発表されるだろう。
suspend,一時停止する；停職・停学にする,動詞,The game was suspended.,試合は一時中断された。
sustain,持続する,動詞,Heavy posts are needed to sustain this bridge.,この橋を支えるには重い柱が必要だ。
symbol,象徴；記号；シンボル,名詞,The lion is often used as a symbol of courage.,ライオンは勇気の象徴として用いられることが多い。
symptom,症状；兆候,名詞,Do you have this symptom often?,よくこういう症状が起きますか。
tackle,取り組む,名詞,To begin with， we must tackle the problem.,まず第１に、私たちはその問題に取り組まなければならない。
talent,才能,名詞,In Kabuki not only talent but also heredity counts.,歌舞伎界では才能だけでなく世襲も重要だ。
target,目標（やや短期的）,名詞,This seminar will target senior marketing leaders from Japanese firms.,このセミナーは、日本企業のマーケティング担当管理職を対象としたものです。
task,仕事；任務,名詞,You may as well do the task now.,君はその仕事を今した方がよい。
technical,技術的な；専門的な,形容詞,These technical terms derive from Greek.,これらの専門用語はギリシャ語に由来している。
technique,技術,名詞,The violinist's technique was excellent.,そのバイオリニストの技巧はすばらしかった。
temperature,温度,名詞,Milk boils at a higher temperature than water.,牛乳は水よりも高い温度で沸騰する。
temporary,一時的な,形容詞,I made a temporary repair to the broken door.,壊れたドアに応急的な修理をした。
tender,柔らかい,形容詞,The rough material hurt the child's tender skin.,きめの粗い材質がその子の柔らかい肌を傷つけた。
tennis,テニス,名詞,You are a tennis player.,貴方は、テニスの選手です。
territory,領土,名詞,They extended their territory by conquest.,彼らは征服によって、領土を拡張した。
terrorist,テロリスト ,名詞,We will never give in to terrorist demands.,我々は決してテロリストの要求に屈服しないであろう。
text,教科書,名詞,There's not so much text in this book.,この本は本文の部分はそんなに多くない。
theme,主題；テーマ,名詞,The principal theme of the book is the American Revolution.,その本の主題はアメリカ独立戦争である。
theoretical,理論的な,形容詞,That shows his theoretical background.,それは彼の理論的背景を示している。
theory,理論,名詞,I think I have a theory about that.,私にそれに関する理論をもっていると思う。
therapy,治療,名詞,A great many people were opposed to gene therapy in terms of ethics.,たくさんの人々が倫理の面から遺伝子治療に反対した。
tissue,ティッシュ,名詞,Muscle tissue consists of innumerable cells.,筋肉組織は無数の細胞からなっている。
trail,跡，引きずる；後を追う,名詞,The car left a trail of dust.,その車はほこりをたてて立ち去った。
transform,変える（大きく劇的な変化）,動詞,Our minds transform experiences into symbols.,私たち人間の頭は経験を表象に変える。
transition,遷移,名詞,The transition from farm life to city life is often difficult.,農場生活から都市の生活への移行は困難なことが多い。
translate,翻訳する,動詞,It took me more than two hours to translate a few pages of English.,２、３ページの英語を訳すのに２時間以上もかかりました。
transport,輸送する，輸送,動詞,After all， their form of transport produces no pollution at all.,何といっても、彼らの輸送形態は公害を全く引き起こさない。
transportation,輸送；交通,名詞,The transportation system in that city is quite good.,その町の交通機関は大変よい。
trend,傾向；流行,名詞,This has been the trend for the past twenty years.,これがこの２０年間の傾向だった。
trigger,引き金；誘因，引き起こす,名詞,Police can't be trigger happy.,警察は簡単に銃を使ってはいけない。
troop,軍隊,名詞,The membership of the Boy Scout troop swelled.,ボーイスカウトの団員が増えた。
tube,管,名詞,The tube was shattered by the explosion.,その爆発で真空管は粉々になった。
ultimately,最終的に,副詞,The notorious rebel was ultimately captured and confined to jail.,悪名高い反乱兵はついに捕らえられ、拘置所に身柄を拘束された。
undergo,経験する；(治療などを)受ける,動詞,The surgeon persuaded me to undergo an organ transplant operation.,外科医は私を説得して、臓器の移植手術を受けることに同意させた。
underlie,根底にある,動詞,the social conditions underlying the present turmoil,現在の混乱を引き起こしている社会情勢
undertake,引き受ける,動詞,I have a mind to undertake the work.,その仕事を引き受けようと思っている。
uniform,制服，統一の,名詞,The new houses are of a uniform height.,それらの新築の家はみな同じ高さである。
unique,独特の,形容詞,The rapid growth of the firm was attributed to its unique strategy.,その会社の急速な成長はその独特な戦略によるものだった。
universal,全世界の；普遍的な,形容詞,English is a universal language and is used all over the world.,英語は国際語であり、世界中で使われています。
universe,宇宙,名詞,But the universe is infinite.,だが宇宙は無限だ。
unlike,似ていない，〜と違って,形容詞,Bill is completely unlike his brother.,ビルは彼の兄にはまったく似ていない。
urban,都会の,形容詞,Bicycles are tools for urban sustainability.,自転車は都会の環境を破壊することなく資源利用を持続することのできる道具である。
urge,促す，衝動；本能,動詞,Advertisements urge us to buy luxuries.,宣伝広告に駆り立てられて私たちは高価な商品を買ってしまう。
variety,多様性；種類,名詞,You must adapt to a variety of conditions.,君は様々な状況に適応しなければならない。
vast,広大な,形容詞,This vast continent is abundant in fossil fuels.,その広大な大陸は化石燃料が豊富だ。
venture,危険を冒す；思い切って～する，危険；ベンチャー事業,名詞,If I don't come back， the venture will probably be unsuccessful.,もし私が戻らなければ、その事業は成功しないだろう。
versus,～に対して,前置詞,versus beat'em-up game,対戦格闘ゲーム
vessel,船舶；血管,名詞,The vessel was loaded with coal， lumber， and so on.,その船には石炭や材木などが積まれていた。
veteran,ベテラン,名詞,My uncle is a veteran of the Vietnam War.,私の叔父はベトナム戦争の退役軍人だ。
via,～を経由して；～によって,前置詞,I'd like to return to Tokyo via Honolulu.,ホノルル経由で東京に帰りたいのですが。
victory,勝利,名詞,Our victory is secure.,我々の勝利は動かないところだ。
violence,暴力,名詞,There is almost no violence in that city.,その市にはほとんど暴力事件はない。
virtually,事実上,副詞,Unemployment in this part of the country is virtually nonexistent.,この地域の失業はほぼないに等しい。
virus,ウイルス,名詞 ,A virus infected Tom's computer.,トムのパソコンがウイルスに感染した。
visible,目に見える,形容詞,Numerous stars were visible in the sky.,空には多数の星が見えた。
vision,視覚；視力,名詞,For others， it is a vision of what could be.,また別の人にとってはそれはいろいろな可能性を心に描くことでもある。
visual,視覚の,形容詞,There were still no visual signs of spring.,まだ目にみえる春の兆しはなかった。
vital,極めて重要な,形容詞,Your help is vital to the success of our plan.,我々は計画が成功するには君の援助がどうしても必要だ。
volume,量；容積；体積,名詞,The radio is too loud. Turn the volume down.,ラジオが大きすぎるからもっとボリュームを下げなさい。
voluntary,自発的な；任意の；無償の,形容詞,The company appealed for people to take voluntary resignation.,会社は退職者を募った。
volunteer,ボランティア ,動詞,The volunteer group provides war victims with food and medicine.,ボランティアグループの人達は戦争被害者に食料と医薬品を配った。
wealth,富,名詞,That country's wealth comes from its oil.,その国の財産は石油から生み出されている。
wealthy,裕福な,形容詞,Yachts are for the wealthy few.,ヨットは少数の金持ちだけが楽しめるものだ。
weigh,重さを量る,動詞,On average， these packages weigh two pounds.,これらの小包の重さは平均すると２ポンドです。
welfare,幸福；福祉,名詞,Penicillin has contributed much to the welfare of mankind.,ペニシリンは人類の福祉に大いに貢献した。
whisper,ささやく,動詞,A whisper ran through the crowd.,群集の中にささやきが伝わった。
withdraw,撤回する；引き出す,動詞,You may as well withdraw from the club right away.,君は直ちにクラブを脱退したほうがよい。
yield,折れる；降伏する；譲る,動詞,Patients often die simply because they yield to their diseases.,患者はただ自らの病気に屈して死ぬことがよくある。
youth,青年時代；若さ；若者,名詞,Is there a youth hostel near here?,この辺りにユースホステルはありますか？
zone,地帯,名詞,Nowadays， a safety zone is not always safe.,最近は安全地帯が必ずしも安全ではない。
accord,一致する,名詞,Students came of their own accord to help the villagers.,学生たちは自発的に村人の手伝いにやってきた。
grammar,文法,名詞,You must study grammar more.,あなたはもっと文法を勉強しなくてはいけない。
nowadays,最近は,副詞,Many shoes nowadays are made of plastics.,近頃はプラスティックで出来た靴が多い。
verb,動詞,名詞,In English the verb precedes the object.,英語では動詞が目的語の前に来る。
noun,名詞,名詞,"This type of noun phrase is called a ""concealed question"".",このような名詞句を隠れ疑問文（concealed　question）といいます。
trillion,兆,数字,It's 9.5 trillion kilometers.,それは９兆５千億ｋｍです。
attach,取り付ける；添付する,動詞,It is important that you attach your photo to the application form.,君の写真を申込書に添付することを忘れないでね。
ad,広告,名詞,The ad really pulled.,その広告はたいへん注目を集めていた。
band,バンド； 楽団,名詞,The band played marvellously under the baton of a new conductor.,楽団は新しい指揮者の指揮ですばらしい演奏をした。
honor,名誉,名詞,The students cheered in honor of Dr. Baker's birthday.,学生達はベイカー博士の誕生日に敬意を表してお祝いした。
minister,大臣,名詞,The press besieged the minister with questions.,記者団は大臣を質問攻めにした。
odd,奇妙な,形容詞,Even times odd is even， odd times odd is odd.,偶数掛ける奇数は偶数、奇数掛ける奇数は奇数。
or,あるいは；すなわち；そうでなければ,接続詞,Are you ready or not?,準備できた？まだ？
bedroom,寝室,名詞,What happened to the girl you were sharing the bedroom with?,君が寝室を共用していた女の子はどうなったのだろう。
forever,永遠に,副詞,It would take forever for me to explain everything.,いつまでかかっても全部を説明するのは無理だ。
online,オンラインの,形容詞,It almost scared me not to see you online for a whole day.,丸一日オンラインで君を見ないなんてびっくりだよ。
shareholder,株主,名詞,The shareholders meeting was held.,株主総会が開かれた。
weekend,週末,名詞,We're having a three-day weekend this week.,今週末は３連休だ。
development,発達；開発,名詞,All of us devoted ourselves to the development of our country.,我々は皆国の発展に一身をささげた。
due,期日の、 満期の,形容詞,Your poor memory is due to poor listening habits.,君の記憶力が悪いのは人の話を聞く習慣がちゃんとできていないからだ。
education,教育,名詞,The Board of Education governs the schools.,教育委員会が学校を管理している。
eleven,11,数字,We retire at eleven o'clock.,我々は１１時に床につく。
end,終わり,名詞,You must put an end to your foolish behavior.,君はばかげた行為をやめなければいけない。
fellow,仲間,形容詞,What a haughty fellow he is!,なんてごう慢なやつだ。
first,一番最初の,形容詞,Wash before first wearing.,最初着る前に洗濯してください。
for,～のために；～に向かって；～にとって,前置詞,I'm at a loss for words.,何と言ったら良いか分かりません。
friend,友だち,名詞,This is my friend Rachel. We went to high school together.,こちらは私の友達のレイチェルです。私たちは同じ高校に通っていました。
fun,楽しい,形容詞,It would be fun to see how things change over the years.,年月を経て物事がどう変わっていくか見るのは面白そうだ。
giant,巨大な,形容詞,Nancy had never seen a giant panda before.,ナンシーはそれ以前にはパンダを見たことがなかった。
gray,灰色の,形容詞,It's very gray outside.,外はどんよりしている。
great,すばらしい,形容詞,It's difficult to have great ideas.,素晴らしい考えを思いつくのは難しい。
half,半分,名詞,Your camera is only half the size of mine.,君のカメラは私のカメラの半分の大きさしかない。
he,彼,代名詞,Sometimes he can be a strange guy.,彼は時々変です。
in,〜の中の,形容詞,I was in the mountains.,私は山にいました。
january,1月,名詞,The festival is held in the second week of January every year.,その祭りは毎年１月の第２週に行われる。
june,6月,名詞,Today is June 18th and it is Muiriel's birthday!,今日は６月１８日で、ムーリエルの誕生日です！
lean,傾く；もたれる,動詞,Don't lean against the wall.,壁により掛かるな。
may,〜してもよい；～かもしれない；～であろう,助動詞,I may give up soon and just nap instead.,すぐに諦めて昼寝をするかも知れない。
monday,月曜日,名詞,I will come on Monday unless you write to the contrary.,君から来ないでくれと言ってこない限り、月曜日には行きます。
new,新しい,形容詞,I thought you liked to learn new things.,あなたは新しいことを勉強したいのだと思った。
news,知らせ,名詞 ,No news is good news.,無事に便りなし。
no,いいえ，少しの～もない；決して～ない,形容詞,A rolling stone gathers no moss is a proverb.,「転がる石は苔をもつけず」はことわざである。
north,北,名詞,The cold north wind was roaring outside.,外では冷たい北風が轟々と吹き荒れていた。
on,～の上にある,形容詞,It depends on the context.,それは文脈による。
option,選択,名詞,An option is now under consideration.,代替案を現在検討中です。
park,駐車場，駐車させる,動詞,Sir， you are not allowed to park your car here.,あなたはここに駐車してはいけない。
post,郵送する,動詞,I want you to go to the post office.,君に郵便局へ行ってもらいたい。
pro,専門職,名詞,No pro golfer in Japan is as popular as Jumbo Ozaki.,ジャンボ尾崎ほど人気のあるプロゴルファーは日本にいない。
read,読む,動詞,Take a book and read it.,本を取ってそれを読みなさい。
return,戻す；返す，帰宅；返却；復帰；お返し,動詞,You should return home before it gets dark.,君は暗くならないうちに家に帰るべきです。
rice,米,名詞,Do you eat rice in your country?,君の国では、お米をたべますか。
school,学校；教習所,名詞,I can walk to school in 10 minutes.,学校まで１０分で歩いて行ける。
software,ソフトウェア,名詞,Apparently my anti-virus software is not up to snuff.,私のウイルス対策用ソフトウエアは不良品でした。
sun,太陽,名詞,By the time you got there， the sun had set.,君がそこに着くころまでには、日が暮れてしまった。
tea,お茶,名詞,They drink a good deal of tea in England.,英国では紅茶をたくさん飲む。
toy,おもちゃ,名詞,It took three hours to put the broken toy together.,壊れたおもちゃを組み立てるのに３時間かかりました。
turn,曲がる；向きを変える,動詞,Could you turn on the light， please?,明かりをつけてくれませんか。
type,型；種類；タイプ,名詞,Can you guess what type of restaurant it was?,どんなタイプのレストランだったか、わかりますか。
update,更新，更新する,動詞,Could I get you to update this data for me?,このデータをアップデートしていただけますか。
vice,悪徳，副〜,名詞,Hypocrisy is the homage that vice pays to virtue.,偽善とは悪徳が徳に対して払う忠順の誓いである。
warm,少し熱い,形容詞,The visitors were greeted with warm handshakes.,客たちは暖かい握手で迎えられた。
way,方法；やり方,名詞,This is always the way it has been.,そういうものなんです。
wet,濡れている，濡らす,形容詞,You're wet through.,君はずぶぬれだ。
base,基礎， 基づく,名詞,What do you base your theory on?,君は君の理論の基礎をどこに置いているのか。
call,電話する,動詞,I'll call them tomorrow when I come back.,明日帰ったら電話します。
demand,要求する，要求,動詞,That young critic is in high demand in a lot of places.,あの若い評論家はあちこちで引っ張りだこである。
light,軽い,形容詞,It's just five in the morning， but nevertheless it is light out.,朝の４時４５分だというのに明るい。
part,一部；部分,名詞,I am proud to be a part of this project.,私はこのプロジェクトに参加できることを誇りに思います。
point,指し示す,動詞,Excuse me; allow me to point out three errors in the above article.,失礼だが、上記の記事にある３つの誤りを指摘しておきたい。
shine,光る,動詞,The moon does not shine as brightly as the sun.,月は太陽ほど明るくは光らない。
shoot,（ボールをゴールに）ける；投げ入れる；シュートする,動詞,I'm gonna shoot him.,こらしめてやる。
suit,合う；適する,動詞,There is no reason to wear a suit to the beach.,海岸へ背広を着ていく理由はない。
too,あまりに～すぎる,副詞,Whenever I find something I like， it's too expensive.,欲しいものがみつかると、決まって高いものだ。
play,競技する,動詞,I will play Sudoku then instead of continuing to bother you.,君を邪魔するくらいなら私は数独をやってるよ。
board,(特定の目的のための)板;  台;  盤,名詞,The local school board would go to any length to ban that book.,教育委員会は何としてでもあの本を発売禁止にするでしょう。
actor,俳優,名詞,The son of a great actor became a good actor in his own right.,偉大な俳優の息子は自分自身の力で良い俳優になった。
Ideal,理想,形容詞,The seaside is an ideal spot for the children to play.,海辺は子供たちが遊ぶのに理想的な場所だ。
mean,意味する；価値のある,動詞,I may be antisocial， but it doesn't mean I don't talk to people.,私は反社会的かもしれないけれど人と話さないわけではない。
Settlement,移住；入植地；落ち着くこと,名詞,The settlement is a matter of time.,解決は時間の問題だ。
show,（やり方を）見せる；教える,動詞,I was wondering if you were going to show up today.,今日君は来るのかなと思っていたところだよ。
so,その理由で,接続詞,"It was raining, so I stopped going outside.",雨が降っていたので、外に出るのをやめた。
Surface,表面の,形容詞,One third of the earth's surface is desert.,地球の表面の３分の１は砂漠である。
Widely,全員に,副詞,The old belief is still widely current.,その古い信仰がまだ広く行われている。
bore,退屈させる,形容詞,He bore the future of the company on his shoulders.,会社の行く末は彼の肩に掛かっていた。
fall,落下,名詞,Did you fall in love with her at first sight?,君は彼女にひとめぼれしたのかい。
